-- ============================================================
-- Migration 005: Import Stations and Trip Schedule from Excel
-- TRIP SCHEDULES 10-06-2026 to 30-06-2026
-- ============================================================

-- Step 1: Delete existing seed stations and trips
DELETE FROM trip_schedule_stops;
DELETE FROM trip_schedule;
DELETE FROM stations WHERE created_by IS NULL OR true;

-- Step 2: Insert all stations
-- Main stations (type = main), intermediate stops (type = transit)
INSERT INTO stations (id, name_ar, name_en, type, is_active) VALUES
  ('be750d66-133e-4359-81ad-321bae6e5e2a', 'Abu Arish', 'Abu Arish', 'transit', true),
  ('e05a0ee9-fcb7-4c4e-bd91-8b35f2a0f7e0', 'Ad Darb', 'Ad Darb', 'transit', true),
  ('189a31ed-9747-4eab-86b7-9cdeb3bde19e', 'Afif', 'Afif', 'transit', true),
  ('8f2e7036-a9b3-466d-9cbc-d5d25b8b7b97', 'Al Badayea', 'Al Badayea', 'transit', true),
  ('8992348a-0adb-4b61-8aeb-1ac4c99ea888', 'Al Bahah', 'Al Bahah', 'transit', true),
  ('bf95c992-88ee-48f5-8a56-bc19f4bfc273', 'Al Bahah - A', 'Al Bahah - A', 'transit', true),
  ('2c795f24-cddd-43fe-ae6c-e860b14542a4', 'Al Bahah - B', 'Al Bahah - B', 'transit', true),
  ('146159cb-bd81-42f5-8f37-f0887fc1c7d8', 'البشائر', 'Al Bashayer', 'main', true),
  ('5bc7d7a0-514d-4457-9992-d9e0db3380e4', 'Al Bijadyah - A', 'Al Bijadyah - A', 'transit', true),
  ('cbb1104c-3fd0-4248-8640-8126b605f3d8', 'Al Bijadyah - B', 'Al Bijadyah - B', 'transit', true),
  ('1201aacf-6a7c-4a7b-aecd-0091a42c5447', 'Al Dawadmi', 'Al Dawadmi', 'transit', true),
  ('6db4ae5b-5036-4146-a67c-24982ea8785d', 'Al Ghat', 'Al Ghat', 'transit', true),
  ('3cfcda1d-97c7-4cc4-b127-8895795add42', 'Al Ghazalah', 'Al Ghazalah', 'transit', true),
  ('400624dd-330e-4056-9269-c3e19018b810', 'Al Hawiyah (Taif)', 'Al Hawiyah (Taif)', 'transit', true),
  ('033fd6f5-7a04-45c6-b8aa-0b0e26e08b04', 'Al Hawiyah - A', 'Al Hawiyah - A', 'transit', true),
  ('0f2dafaf-180c-4425-90a7-8f3fa7a6e0dc', 'Al Henakiah', 'Al Henakiah', 'transit', true),
  ('8854046c-ea2c-473e-929b-1ab8ebdd7e13', 'Al Hulayfah As Sufla', 'Al Hulayfah As Sufla', 'transit', true),
  ('f0838a9f-6e8d-49ff-b0bd-ad64c5dd64be', 'Al Jumum', 'Al Jumum', 'transit', true),
  ('c651f256-949d-4aee-9e2b-8829b80f8ac1', 'Al Khasrah - A', 'Al Khasrah - A', 'transit', true),
  ('293747e1-6cb3-49e6-8548-e7cd8c55f63b', 'Al Khasrah - B', 'Al Khasrah - B', 'transit', true),
  ('85ee2890-073c-42aa-aee7-95bbecd860dc', 'Al Khurma', 'Al Khurma', 'transit', true),
  ('1e2bf753-f174-4323-8af8-06a18a13db55', 'محطة المدينة المنورة', 'Al Madinah Bus Station', 'main', true),
  ('1ae90e2e-57ce-4256-b6c3-8b83939abc85', 'Al Majmaah', 'Al Majmaah', 'transit', true),
  ('26cc406f-f07c-49b8-9043-2db422393b74', 'Al Muazam', 'Al Muazam', 'transit', true),
  ('4bb5e838-a3d7-4ce2-ac97-deea1d587171', 'Al Muthallth', 'Al Muthallth', 'transit', true),
  ('f8123056-335a-4cb9-b0e0-90d52c19ce65', 'Al Muzahmiyya', 'Al Muzahmiyya', 'transit', true),
  ('1dc88420-b172-42e4-9938-403f6a011034', 'Al Petra - An Nabhaniyah', 'Al Petra - An Nabhaniyah', 'transit', true),
  ('d6903ac1-7750-49bd-b169-944b72fc6560', 'Al Qunfudah', 'Al Qunfudah', 'transit', true),
  ('b7ebe48f-b035-4f82-b30d-5b757d233563', 'Al Quwaiiyah', 'Al Quwaiiyah', 'transit', true),
  ('0bf4a662-7d5c-49ea-85d7-ca465d1caa8a', 'Al Selselah', 'Al Selselah', 'transit', true),
  ('cc970f95-a730-45c8-9e7b-5c6ce0a181e1', 'Al Shegrah - A', 'Al Shegrah - A', 'transit', true),
  ('0b5c2ace-4a9b-4c09-877b-c21a587f58cd', 'Al Shegrah - B', 'Al Shegrah - B', 'transit', true),
  ('344f5774-8319-4a8a-bceb-3d9648a3536d', 'Al Shuqaiq - A', 'Al Shuqaiq - A', 'transit', true),
  ('4d7895f9-f087-4a03-bbc7-67ba6b4e7f96', 'Al Shuqaiq - B', 'Al Shuqaiq - B', 'transit', true),
  ('dfecebfb-0fff-4910-b5cd-e75f85fc623a', 'Al Ula', 'Al Ula', 'transit', true),
  ('25ed0c69-5d9a-4b53-8f7f-d0368cadb8f0', 'Al Ula Airport', 'Al Ula Airport', 'transit', true),
  ('3eb36fa4-6c36-4d79-b441-021ca36c9068', 'Al Wajh', 'Al Wajh', 'transit', true),
  ('0514c24a-d8c2-4317-ae18-03326f94759d', 'Amaala', 'Amaala', 'transit', true),
  ('913621a1-c712-49e7-a412-174e5547f908', 'Ar Rass', 'Ar Rass', 'transit', true),
  ('cd530fcb-a14e-467f-83fb-2f0f1fabf193', 'Ar Ruwaidhah', 'Ar Ruwaidhah', 'transit', true),
  ('07e43add-288b-4b4d-9d46-b73c523394d2', 'Asbtar', 'Asbtar', 'transit', true),
  ('a85444a3-f1f3-4134-a2f3-709ed5dd3544', 'Badr', 'Badr', 'transit', true),
  ('8d99f122-533e-467e-841a-2ae550e9061f', 'Baish', 'Baish', 'transit', true),
  ('8fd26e5d-8af1-4fab-b967-43954d6807b4', 'Baljurashi - A', 'Baljurashi - A', 'transit', true),
  ('92742173-e93b-4626-9958-df7cc2ffde8f', 'Baljurashi - B', 'Baljurashi - B', 'transit', true),
  ('4cb240f0-701c-4863-86c0-a55e96e92be6', 'Baqaa', 'Baqaa', 'transit', true),
  ('ab77af13-e4eb-4a4c-8641-9ef93dcd1620', 'Bir Ibn Hirmas', 'Bir Ibn Hirmas', 'transit', true),
  ('725bb24c-475a-423b-8da0-ecd5c9bf692f', 'Bisha', 'Bisha', 'transit', true),
  ('d348d64b-5085-4c84-b7a5-44b5f5da3532', 'محطة بريدة', 'Buraydah Bus Station', 'main', true),
  ('99a8efb0-c8a9-44b4-9442-4101394fedf7', 'Dhurma - A', 'Dhurma - A', 'transit', true),
  ('7017b3ef-4eb1-4ac0-b78a-5fac672af699', 'Dhurma - B', 'Dhurma - B', 'transit', true),
  ('455b28a8-d67d-490a-89b1-7ef5ead7167a', 'Duba', 'Duba', 'transit', true),
  ('2989ea5f-00e4-4c5b-be54-ceaeea116afd', 'Ghazaial', 'Ghazaial', 'transit', true),
  ('8560f0e8-7661-4be9-b80e-1af5cc0c6764', 'Hail Airport', 'Hail Airport', 'transit', true),
  ('af6a564a-a153-4f5b-92df-1c784e9058dd', 'محطة حائل', 'Hail Bus Station', 'main', true),
  ('1012b231-4bf2-4c31-82e4-e65fe3596743', 'Hail Train Station', 'Hail Train Station', 'transit', true),
  ('d914ac8c-a83d-434a-b38f-d4e90f7ee4e5', 'Halaban - A', 'Halaban - A', 'transit', true),
  ('8ed7defb-90fc-45aa-ba69-707a3df4a375', 'Halaban - B', 'Halaban - B', 'transit', true),
  ('b667e24d-57c1-446d-a846-713a551fe1ed', 'حالة عمار', 'Halat Ammar', 'main', true),
  ('3ad3417c-eeb6-4d6d-9252-941baf14e92e', 'حقل', 'Haql', 'main', true),
  ('f43e3a98-bf1f-4fdd-8773-42813c175573', 'محطة جازان', 'Jazan Bus Station', 'main', true),
  ('34a74c5b-e35e-4d40-90d4-a1a99676a327', 'Jeddah Airport - Terminal 1', 'Jeddah Airport - Terminal 1', 'transit', true),
  ('5c78d913-bdb2-4b8a-9415-5155967f412c', 'مطار جدة - الطرف الشمالي', 'Jeddah Airport North Terminal', 'main', true),
  ('40e7feac-ed1f-40d1-b5b0-de8efbedc92f', 'Jeddah Airport Terminal 1', 'Jeddah Airport Terminal 1', 'transit', true),
  ('23ac811a-de0d-4215-8e2d-761d915f7bf7', 'جدة البلد', 'Jeddah Al Balad', 'main', true),
  ('d73e4fd9-388c-4cea-bb1f-c7dee5fad35a', 'Jeddah Al Khomrah - A', 'Jeddah Al Khomrah - A', 'transit', true),
  ('8fb59f7f-e25b-4dd6-9f81-347debd8d1ef', 'Jeddah Al Khomrah - B', 'Jeddah Al Khomrah - B', 'transit', true),
  ('7573c7bb-19f0-40f9-a2e0-2e72b8e7f1ec', 'جدة كيلو 10', 'Jeddah Kilo 10', 'main', true),
  ('c2a5926f-7db4-4c57-b20a-97b24c7265df', 'محطة جدة (القطار)', 'Jeddah Train Station', 'main', true),
  ('01fae1c9-c096-40f4-a7ac-4c5b2422ae72', 'Jilah - A', 'Jilah - A', 'transit', true),
  ('8ef226f0-ef50-4e04-b12d-1a039c3631ea', 'Jilah - B', 'Jilah - B', 'transit', true),
  ('513bd786-9f02-4865-bff8-ffd667ad1155', 'محطة خميس مشيط', 'Khamis Mushait Bus Station', 'main', true),
  ('745cff1c-db65-4dcd-9342-87799cf4e9d4', 'Khaybar', 'Khaybar', 'transit', true),
  ('642ba62c-67a1-4b8e-8808-5ce240b73e3b', 'Khulais', 'Khulais', 'transit', true),
  ('5ddc3c83-6304-42d1-a67b-8298e654372b', 'Linah', 'Linah', 'transit', true),
  ('9bd96254-41bd-4486-8627-a6544ee4a187', 'Mahd Al Thahab', 'Mahd Al Thahab', 'transit', true),
  ('c1efd6e6-1559-47a5-84fe-4a4d38d0ee24', 'Makkah Almaasam - A', 'Makkah Almaasam - A', 'transit', true),
  ('7f37c53c-4cc9-4d75-9c67-86afaa31034c', 'Makkah Almaasam - B', 'Makkah Almaasam - B', 'transit', true),
  ('dd0f3545-9c95-4406-8a25-6e022269be33', 'محطة مكة المكرمة (جرول)', 'Makkah Bus Station (Jarwal)', 'main', true),
  ('2811c1e2-bdaa-465b-a35e-eb85f2d03bdd', 'Marat', 'Marat', 'transit', true),
  ('b77c5b5e-dd80-41bf-bf72-0a4399dd1383', 'Mastorah - A', 'Mastorah - A', 'transit', true),
  ('2ab02edc-d363-40dd-a654-fd0dbeab2d0e', 'Mastorah - B', 'Mastorah - B', 'transit', true),
  ('c7d5e053-46fc-45c8-ac2a-7456725609f0', 'New Muwayh', 'New Muwayh', 'transit', true),
  ('c2f01c25-c58c-4d29-a64e-5e46a4f34e3f', 'Qia - A', 'Qia - A', 'transit', true),
  ('8c9061a9-4067-4c32-9448-059b5275fd3f', 'Qia - B', 'Qia - B', 'transit', true),
  ('1566000e-bff8-4f3e-94b7-4962702c160c', 'Rabigh', 'Rabigh', 'transit', true),
  ('c94baf05-2824-4c84-b219-13d97a4da7a8', 'Radwan', 'Radwan', 'transit', true),
  ('e87d3e54-bef6-477b-bdb1-6c9e225534c6', 'رفحاء', 'Rafha', 'main', true),
  ('90170aac-02c5-4d8b-a905-9aae806a0b36', 'Red Sea Welcome Center', 'Red Sea Welcome Center', 'transit', true),
  ('144f5666-421b-4999-a953-bbefd08a630e', 'محطة الرياض', 'Riyadh Bus Station', 'main', true),
  ('662c2106-4b31-41cd-a0cc-93d14015e297', 'Sabya', 'Sabya', 'transit', true),
  ('4be2584e-b08f-4680-a5ee-652ff24d6ccf', 'Sabya - B', 'Sabya - B', 'transit', true),
  ('7d6bb26e-9127-4ea8-9870-563154ed8657', 'Shaqra', 'Shaqra', 'transit', true),
  ('7ee9d127-2567-4ca7-9a38-2e77e8b2ceb2', 'Shihiya', 'Shihiya', 'transit', true),
  ('f7a64bea-9719-4572-a403-8a2c5eb2fe34', 'Shogsan - A', 'Shogsan - A', 'transit', true),
  ('6b15f878-ee25-46f1-aa79-9aeb82a18994', 'Shogsan - B', 'Shogsan - B', 'transit', true),
  ('2ea18ceb-284e-41ad-9500-22c3d93180b9', 'Suwaydrah - A', 'Suwaydrah - A', 'transit', true),
  ('58925104-8e86-47cb-8915-d65e48077b80', 'Suwaydrah - B', 'Suwaydrah - B', 'transit', true),
  ('83389975-bcd5-44d0-932c-17ad7009e0f7', 'مطار تبوك', 'Tabuk Airport', 'main', true),
  ('a136be14-1c75-4ada-b776-c887e2681691', 'محطة تبوك', 'Tabuk Bus Station', 'main', true),
  ('5ece8e71-5ddc-415c-a268-71d3c8be086c', 'Taif Airport', 'Taif Airport', 'transit', true),
  ('70f28153-89e1-4982-a646-76468808b692', 'Taif Bus Station', 'Taif Bus Station', 'transit', true),
  ('df1b52be-586e-4efc-a7d0-b47b0e5cfec0', 'Tayma', 'Tayma', 'transit', true),
  ('64632d9b-8c8a-442a-b531-f3997fdefbb6', 'Thuwal', 'Thuwal', 'transit', true),
  ('a51b37b7-6d26-4a41-8568-0be879ac2dc7', 'Trubah (Hail)', 'Trubah (Hail)', 'transit', true),
  ('5de60c83-7ca4-4cf8-bf57-d0b09422ef2e', 'Turbah (Taif)', 'Turbah (Taif)', 'transit', true),
  ('f6bae125-cd6e-459b-bc4e-83658d4eabe5', 'Umluj', 'Umluj', 'transit', true),
  ('1a81d37c-075f-4dfa-a648-4d71ff4cc1ae', 'Unayzah', 'Unayzah', 'transit', true),
  ('489abc00-f273-48a7-8178-f501a38dc009', 'محطة ينبع', 'Yanbu Bus Station', 'main', true),
  ('f75d695e-173c-4ff3-afd9-f817c7bf4158', 'Yanbu Royal Commission Station', 'Yanbu Royal Commission Station', 'transit', true);

-- Step 3: Insert trip schedule
INSERT INTO trip_schedule (id, trip_number, from_station_id, to_station_id, scheduled_departure, bus_type, is_active) VALUES
  ('1a940d20-d7af-48bb-8906-1a0fda6910a0', 'NW15-O-1', '1e2bf753-f174-4323-8af8-06a18a13db55', '144f5666-421b-4999-a953-bbefd08a630e', '00:30:00', 'Standard', true),
  ('6ec0b82e-95fa-4928-903e-bd54c80e9f2c', 'NW22-I-1', '489abc00-f273-48a7-8178-f501a38dc009', '1e2bf753-f174-4323-8af8-06a18a13db55', '00:30:00', 'Standard', true),
  ('382851d5-22ce-4e3c-84ca-111d9d61db97', 'NW04-I-1', 'a136be14-1c75-4ada-b776-c887e2681691', 'c2a5926f-7db4-4c57-b20a-97b24c7265df', '01:00:00', 'Standard', true),
  ('fa07d4d3-7139-4293-a94a-a7f93bf45c2b', 'NW18-O-1', 'c2a5926f-7db4-4c57-b20a-97b24c7265df', '144f5666-421b-4999-a953-bbefd08a630e', '01:00:00', 'Standard', true),
  ('51be5aa9-832c-4a4b-bf10-12b0cde0890c', 'NW28-O-1', 'dd0f3545-9c95-4406-8a25-6e022269be33', '5c78d913-bdb2-4b8a-9415-5155967f412c', '01:00:00', 'Standard', true),
  ('579f6f3b-70e3-4a2e-b382-b1a6c76b2c2e', 'NW28-I-2', '5c78d913-bdb2-4b8a-9415-5155967f412c', 'dd0f3545-9c95-4406-8a25-6e022269be33', '01:25:00', 'Standard', true),
  ('0b71832d-cbd1-4003-af23-f12305bb5239', 'NW15-I-1', '144f5666-421b-4999-a953-bbefd08a630e', '1e2bf753-f174-4323-8af8-06a18a13db55', '01:30:00', 'Standard', true),
  ('49977d69-a7f4-4f36-8109-0fc920edca91', 'NW22-O-1', '1e2bf753-f174-4323-8af8-06a18a13db55', '489abc00-f273-48a7-8178-f501a38dc009', '01:30:00', 'Standard', true),
  ('c0273382-606e-4730-9c09-e9cc6687bc47', 'NW04-O-1', 'c2a5926f-7db4-4c57-b20a-97b24c7265df', 'a136be14-1c75-4ada-b776-c887e2681691', '02:00:00', 'Standard', true),
  ('f9cd7340-48fb-4c0c-8c2f-218f1a78c5a9', 'NW18-I-1', '144f5666-421b-4999-a953-bbefd08a630e', 'c2a5926f-7db4-4c57-b20a-97b24c7265df', '02:00:00', 'Standard', true),
  ('69941398-14b8-4598-97d6-a68967f9a1ac', 'NW28-O-3', 'dd0f3545-9c95-4406-8a25-6e022269be33', '5c78d913-bdb2-4b8a-9415-5155967f412c', '03:00:00', 'Standard', true),
  ('184c40fb-5114-437e-8403-484310484474', 'NW28-I-4', '5c78d913-bdb2-4b8a-9415-5155967f412c', 'dd0f3545-9c95-4406-8a25-6e022269be33', '03:25:00', 'Standard', true),
  ('1d11762d-70b8-42e5-8ade-fe0893576ec6', 'NW04-I-2', 'a136be14-1c75-4ada-b776-c887e2681691', 'c2a5926f-7db4-4c57-b20a-97b24c7265df', '05:00:00', 'Standard', true),
  ('ad3959d7-980f-4f64-9aca-17da2503a6b8', 'NW28-O-5', 'dd0f3545-9c95-4406-8a25-6e022269be33', '5c78d913-bdb2-4b8a-9415-5155967f412c', '05:00:00', 'Standard', true),
  ('d5910ba8-5120-43b7-9335-e958e885e85e', 'NW28-I-6', '5c78d913-bdb2-4b8a-9415-5155967f412c', 'dd0f3545-9c95-4406-8a25-6e022269be33', '05:25:00', 'Standard', true),
  ('77702aa3-8369-44b0-a528-26bace547d8d', 'NW04-O-2', 'c2a5926f-7db4-4c57-b20a-97b24c7265df', 'a136be14-1c75-4ada-b776-c887e2681691', '06:00:00', 'Standard', true),
  ('c78cb6f9-19ed-45be-8d25-276ded6da177', 'NW13-I-1', 'dd0f3545-9c95-4406-8a25-6e022269be33', '23ac811a-de0d-4215-8e2d-761d915f7bf7', '06:00:00', 'Standard', true),
  ('13091266-0f24-4df5-b32d-e4deaa8250cc', 'NW01-O-1', '7573c7bb-19f0-40f9-a2e0-2e72b8e7f1ec', 'af6a564a-a153-4f5b-92df-1c784e9058dd', '06:20:00', 'Standard', true),
  ('a86da758-4e94-4553-95f4-1b5581194b1a', 'NW19-O-1', 'dd0f3545-9c95-4406-8a25-6e022269be33', '144f5666-421b-4999-a953-bbefd08a630e', '06:30:00', 'Standard', true),
  ('9a71aa5c-e2df-4f8f-ac25-3aa435b643b0', 'NW19-I-1', '144f5666-421b-4999-a953-bbefd08a630e', 'dd0f3545-9c95-4406-8a25-6e022269be33', '06:30:00', 'Standard', true),
  ('34bc7250-fc4c-4e67-b734-b8165f0597eb', 'NW30-I-1', '513bd786-9f02-4865-bff8-ffd667ad1155', 'c2a5926f-7db4-4c57-b20a-97b24c7265df', '06:30:00', 'Standard', true),
  ('6b7ba859-95ff-44fd-9d2e-84ba03f8cbc2', 'NW10-O-1', 'c2a5926f-7db4-4c57-b20a-97b24c7265df', '513bd786-9f02-4865-bff8-ffd667ad1155', '07:00:00', 'Standard', true),
  ('cae34aae-0215-4717-839d-b2d5b8e3023e', 'NW11-I-1', '146159cb-bd81-42f5-8f37-f0887fc1c7d8', 'c2a5926f-7db4-4c57-b20a-97b24c7265df', '07:00:00', 'Standard', true),
  ('1ccdb79b-9cae-4cc4-93f1-35a80cb03cc1', 'NW18-O-2', 'c2a5926f-7db4-4c57-b20a-97b24c7265df', '144f5666-421b-4999-a953-bbefd08a630e', '07:00:00', 'Standard', true),
  ('0023e46d-e62b-4a92-b1ce-3c2f0ce4ba79', 'NW28-O-7', 'dd0f3545-9c95-4406-8a25-6e022269be33', '5c78d913-bdb2-4b8a-9415-5155967f412c', '07:00:00', 'Standard', true),
  ('36d37517-e804-4014-bb8a-7679432e0d8a', 'NW22-O-2', '1e2bf753-f174-4323-8af8-06a18a13db55', '489abc00-f273-48a7-8178-f501a38dc009', '07:15:00', 'Standard', true),
  ('04905e13-8f93-496a-9d9f-543e88e8239c', 'NW28-I-8', '5c78d913-bdb2-4b8a-9415-5155967f412c', 'dd0f3545-9c95-4406-8a25-6e022269be33', '07:25:00', 'Standard', true),
  ('9b7db7a8-aa8d-47c5-a8f5-65efb5b34743', 'NW07-I-1', 'f43e3a98-bf1f-4fdd-8773-42813c175573', 'c2a5926f-7db4-4c57-b20a-97b24c7265df', '07:30:00', 'Standard', true),
  ('9ecebe33-537d-4cac-80ca-a2fc252fccf6', 'NW17-O-1', '1e2bf753-f174-4323-8af8-06a18a13db55', '144f5666-421b-4999-a953-bbefd08a630e', '07:30:00', 'Standard', true),
  ('a40c1012-6ab5-4ee8-9dfd-3a036deb2135', 'NW17-I-1', '144f5666-421b-4999-a953-bbefd08a630e', '1e2bf753-f174-4323-8af8-06a18a13db55', '07:30:00', 'Standard', true),
  ('fa6e5130-1dab-47ce-9c88-0b9dea40277b', 'NW22-I-2', '489abc00-f273-48a7-8178-f501a38dc009', '1e2bf753-f174-4323-8af8-06a18a13db55', '07:30:00', 'Standard', true),
  ('0851e13c-a58e-4257-9503-351a232038b4', 'NW07-O-1', 'c2a5926f-7db4-4c57-b20a-97b24c7265df', 'f43e3a98-bf1f-4fdd-8773-42813c175573', '08:00:00', 'Standard', true),
  ('5a043b09-08e7-44b8-bf5e-359d68e5f642', 'NW13-O-1', '23ac811a-de0d-4215-8e2d-761d915f7bf7', 'dd0f3545-9c95-4406-8a25-6e022269be33', '08:00:00', 'Standard', true),
  ('2b0cd780-898a-43df-9a20-91936421d2eb', 'NW14-O-1', '1e2bf753-f174-4323-8af8-06a18a13db55', 'a136be14-1c75-4ada-b776-c887e2681691', '08:00:00', 'Standard', true),
  ('a8447182-772d-4d68-9474-70ad43680bfd', 'NW14-I-1', 'a136be14-1c75-4ada-b776-c887e2681691', '1e2bf753-f174-4323-8af8-06a18a13db55', '08:00:00', 'Standard', true),
  ('2b1cef8d-d832-40ed-928a-fd288c4d8875', 'NW21-O-1', '1e2bf753-f174-4323-8af8-06a18a13db55', 'e87d3e54-bef6-477b-bdb1-6c9e225534c6', '08:00:00', 'Standard', true),
  ('f6dda5a6-04f9-4d1e-b247-58402b88527a', 'NW32-O-1', 'c2a5926f-7db4-4c57-b20a-97b24c7265df', 'd348d64b-5085-4c84-b7a5-44b5f5da3532', '08:00:00', 'Standard', true),
  ('1b34716f-80bf-4d00-8546-683de85db79e', 'NW18-I-2', '144f5666-421b-4999-a953-bbefd08a630e', 'c2a5926f-7db4-4c57-b20a-97b24c7265df', '08:30:00', 'Standard', true),
  ('62931657-318c-42f7-a233-e8c4efb11a59', 'NW29-O-1', 'a136be14-1c75-4ada-b776-c887e2681691', 'af6a564a-a153-4f5b-92df-1c784e9058dd', '08:30:00', 'Standard', true),
  ('1a362d71-b2b5-40f4-a27f-c3f280058dfe', 'NW32-I-1', 'd348d64b-5085-4c84-b7a5-44b5f5da3532', 'c2a5926f-7db4-4c57-b20a-97b24c7265df', '08:30:00', 'Standard', true),
  ('b17b2785-23df-4b9d-a7be-1f9b1a58567f', 'NW04-I-3', 'a136be14-1c75-4ada-b776-c887e2681691', 'c2a5926f-7db4-4c57-b20a-97b24c7265df', '09:00:00', 'Standard', true),
  ('428fb0a3-4db6-494f-8054-22552cdaedb1', 'NW16B-O-1', '1e2bf753-f174-4323-8af8-06a18a13db55', '144f5666-421b-4999-a953-bbefd08a630e', '09:00:00', 'Standard', true),
  ('2d44a548-43f8-4eb0-a695-f3f245c47660', 'NW21-I-1', 'e87d3e54-bef6-477b-bdb1-6c9e225534c6', '1e2bf753-f174-4323-8af8-06a18a13db55', '09:00:00', 'Standard', true),
  ('fcec26be-ecc0-499c-bc3b-0938cad5633c', 'NW28-O-9', 'dd0f3545-9c95-4406-8a25-6e022269be33', '5c78d913-bdb2-4b8a-9415-5155967f412c', '09:00:00', 'Standard', true),
  ('fa429bf8-c6b4-4390-a2a1-41d0ff362354', 'NW29-I-1', 'af6a564a-a153-4f5b-92df-1c784e9058dd', 'a136be14-1c75-4ada-b776-c887e2681691', '09:00:00', 'Standard', true),
  ('c44230c3-0ac1-40b2-bf0b-ad3260d053a8', 'NW30-O-1', 'c2a5926f-7db4-4c57-b20a-97b24c7265df', '513bd786-9f02-4865-bff8-ffd667ad1155', '09:00:00', 'Standard', true),
  ('83511fa3-c62b-49b8-889f-7e58bcd951b0', 'NW28-I-10', '5c78d913-bdb2-4b8a-9415-5155967f412c', 'dd0f3545-9c95-4406-8a25-6e022269be33', '09:25:00', 'Standard', true),
  ('dd554595-6236-4c00-8e5f-2dd859675882', 'NW05-O-1', '1e2bf753-f174-4323-8af8-06a18a13db55', 'a136be14-1c75-4ada-b776-c887e2681691', '09:30:00', 'Standard', true),
  ('514aa050-a8f2-4578-bd3e-5c5e7ffdca0d', 'NW35-O-1', '83389975-bcd5-44d0-932c-17ad7009e0f7', 'b667e24d-57c1-446d-a846-713a551fe1ed', '09:35:00', 'Standard', true),
  ('dc1bc810-fdee-46da-8987-28d00b9ebc9a', 'NW02-O-3', 'c2a5926f-7db4-4c57-b20a-97b24c7265df', '1e2bf753-f174-4323-8af8-06a18a13db55', '10:00:00', 'Standard', true),
  ('a9efde81-fd13-4ed6-adef-c8448f7da5cc', 'NW02-I-3', '1e2bf753-f174-4323-8af8-06a18a13db55', 'c2a5926f-7db4-4c57-b20a-97b24c7265df', '10:00:00', 'Standard', true),
  ('a027d6af-c928-4070-8bd1-6daf8a807d40', 'NW04-O-3', 'c2a5926f-7db4-4c57-b20a-97b24c7265df', 'a136be14-1c75-4ada-b776-c887e2681691', '10:00:00', 'Standard', true),
  ('deb853cd-c411-463b-beb2-0cbf1c8addee', 'NW20-O-1', 'dd0f3545-9c95-4406-8a25-6e022269be33', '144f5666-421b-4999-a953-bbefd08a630e', '10:00:00', 'Standard', true),
  ('0ea84700-4d93-4e6e-83a6-3a13f2c57848', 'NW20-I-1', '144f5666-421b-4999-a953-bbefd08a630e', 'dd0f3545-9c95-4406-8a25-6e022269be33', '10:00:00', 'Standard', true),
  ('c36e491d-ad17-40cc-8c77-c06afb2cbefa', 'NW01-I-1', 'af6a564a-a153-4f5b-92df-1c784e9058dd', '7573c7bb-19f0-40f9-a2e0-2e72b8e7f1ec', '10:30:00', 'Standard', true),
  ('8d3f9684-e380-4d67-91ef-21147bae872c', 'NW05-I-1', 'a136be14-1c75-4ada-b776-c887e2681691', '1e2bf753-f174-4323-8af8-06a18a13db55', '10:30:00', 'Standard', true),
  ('91719474-6706-423b-aaa8-188c02882ab5', 'NW07-I-2', 'f43e3a98-bf1f-4fdd-8773-42813c175573', 'c2a5926f-7db4-4c57-b20a-97b24c7265df', '10:30:00', 'Standard', true),
  ('1e0c6656-796d-451b-9bfc-f8f37409ea3c', 'NW13-I-2', 'dd0f3545-9c95-4406-8a25-6e022269be33', '23ac811a-de0d-4215-8e2d-761d915f7bf7', '10:30:00', 'Standard', true),
  ('ce4053b6-bdce-4e31-aa39-32cf9d17610a', 'NW16B-I-1', '144f5666-421b-4999-a953-bbefd08a630e', '1e2bf753-f174-4323-8af8-06a18a13db55', '10:30:00', 'Standard', true),
  ('347d6721-8335-4c49-88a3-d3934d95913c', 'NW18-O-3', 'c2a5926f-7db4-4c57-b20a-97b24c7265df', '144f5666-421b-4999-a953-bbefd08a630e', '11:00:00', 'Standard', true),
  ('b59e623d-8973-4c9e-a211-64e4da5221da', 'NW28-O-11', 'dd0f3545-9c95-4406-8a25-6e022269be33', '5c78d913-bdb2-4b8a-9415-5155967f412c', '11:00:00', 'Standard', true),
  ('2d29a21f-eea6-4b1b-9fbe-9206d7fb0f64', 'NW28-I-12', '5c78d913-bdb2-4b8a-9415-5155967f412c', 'dd0f3545-9c95-4406-8a25-6e022269be33', '11:25:00', 'Standard', true),
  ('b7cc59ea-caa6-4b5b-a449-4b6654d3da79', 'NW18-I-3', '144f5666-421b-4999-a953-bbefd08a630e', 'c2a5926f-7db4-4c57-b20a-97b24c7265df', '11:30:00', 'Standard', true),
  ('35ba2e80-0d7a-41f6-8fac-d7377eda91ae', 'NW07-O-2', 'c2a5926f-7db4-4c57-b20a-97b24c7265df', 'f43e3a98-bf1f-4fdd-8773-42813c175573', '12:00:00', 'Standard', true),
  ('3da77713-23e7-4a52-9403-0107a39861d0', 'NW30-I-2', '513bd786-9f02-4865-bff8-ffd667ad1155', 'c2a5926f-7db4-4c57-b20a-97b24c7265df', '12:00:00', 'Standard', true),
  ('48742960-6d12-4d75-8ac8-22d6f2e23e62', 'NW35-I-1', 'b667e24d-57c1-446d-a846-713a551fe1ed', '83389975-bcd5-44d0-932c-17ad7009e0f7', '12:00:00', 'Standard', true),
  ('310ab83b-d323-4ad8-a057-b27575c83976', 'NW13-O-2', '23ac811a-de0d-4215-8e2d-761d915f7bf7', 'dd0f3545-9c95-4406-8a25-6e022269be33', '12:30:00', 'Standard', true),
  ('38a71b73-d178-4c22-a47e-226876e2c1d0', 'NW22-I-3', '489abc00-f273-48a7-8178-f501a38dc009', '1e2bf753-f174-4323-8af8-06a18a13db55', '12:30:00', 'Standard', true),
  ('08953a56-b30f-41fa-a108-b1109794c29e', 'NW04-I-4', 'a136be14-1c75-4ada-b776-c887e2681691', 'c2a5926f-7db4-4c57-b20a-97b24c7265df', '13:00:00', 'Standard', true),
  ('799cc46c-4ef6-4df7-81bf-7eda70e331c3', 'NW19-I-2', '144f5666-421b-4999-a953-bbefd08a630e', 'dd0f3545-9c95-4406-8a25-6e022269be33', '13:00:00', 'Standard', true),
  ('1e937a6d-0cef-4d9c-8f30-428e7fbe5cf1', 'NW22-O-3', '1e2bf753-f174-4323-8af8-06a18a13db55', '489abc00-f273-48a7-8178-f501a38dc009', '13:00:00', 'Standard', true),
  ('1c4fd8fb-5b6a-4e80-b9a2-b82a7032d612', 'NW28-O-13', 'dd0f3545-9c95-4406-8a25-6e022269be33', '5c78d913-bdb2-4b8a-9415-5155967f412c', '13:00:00', 'Standard', true),
  ('ebf4c3ca-a7f3-4140-988a-c96dfd803fb1', 'NW28-I-14', '5c78d913-bdb2-4b8a-9415-5155967f412c', 'dd0f3545-9c95-4406-8a25-6e022269be33', '13:25:00', 'Standard', true),
  ('3f6e6ea0-5166-455c-a40d-f86077532a7a', 'NW02-O-5', 'c2a5926f-7db4-4c57-b20a-97b24c7265df', '1e2bf753-f174-4323-8af8-06a18a13db55', '13:30:00', 'Standard', true),
  ('6e542fd4-f58f-47c8-9e60-97872fe1917e', 'NW02-I-5', '1e2bf753-f174-4323-8af8-06a18a13db55', 'c2a5926f-7db4-4c57-b20a-97b24c7265df', '13:30:00', 'Standard', true),
  ('7b1abce9-6bb8-47b1-accc-5a46fe6b4ac9', 'NW04-O-4', 'c2a5926f-7db4-4c57-b20a-97b24c7265df', 'a136be14-1c75-4ada-b776-c887e2681691', '14:00:00', 'Standard', true),
  ('f435f636-8c5a-4e5e-a14b-dee6f115881d', 'NW07-I-3', 'f43e3a98-bf1f-4fdd-8773-42813c175573', 'c2a5926f-7db4-4c57-b20a-97b24c7265df', '14:00:00', 'Standard', true),
  ('979e616c-c756-4919-b066-3411e81e0433', 'NW13-I-3', 'dd0f3545-9c95-4406-8a25-6e022269be33', '23ac811a-de0d-4215-8e2d-761d915f7bf7', '14:00:00', 'Standard', true),
  ('fa7ba999-f2a2-42e4-ab68-b31871dc3c7c', 'NW15-O-2', '1e2bf753-f174-4323-8af8-06a18a13db55', '144f5666-421b-4999-a953-bbefd08a630e', '14:00:00', 'Standard', true),
  ('d57d6562-38f9-4209-89e7-de30027c4143', 'NW20-O-2', 'dd0f3545-9c95-4406-8a25-6e022269be33', '144f5666-421b-4999-a953-bbefd08a630e', '14:00:00', 'Standard', true),
  ('016ed281-1595-4a87-9997-f68247cb5ee1', 'NW11-O-1', 'c2a5926f-7db4-4c57-b20a-97b24c7265df', '146159cb-bd81-42f5-8f37-f0887fc1c7d8', '15:00:00', 'Standard', true),
  ('60a99095-4bfa-4280-86e6-84f697f06f32', 'NW18-O-4', 'c2a5926f-7db4-4c57-b20a-97b24c7265df', '144f5666-421b-4999-a953-bbefd08a630e', '15:00:00', 'Standard', true),
  ('d49b7a33-65b9-4b4a-a53b-0b475572c0e6', 'NW28-O-15', 'dd0f3545-9c95-4406-8a25-6e022269be33', '5c78d913-bdb2-4b8a-9415-5155967f412c', '15:00:00', 'Standard', true),
  ('b3b4749f-e3f6-4bee-896b-ffa558cda7ee', 'NW28-I-16', '5c78d913-bdb2-4b8a-9415-5155967f412c', 'dd0f3545-9c95-4406-8a25-6e022269be33', '15:25:00', 'Standard', true),
  ('c31cee3a-f992-4924-b608-74510d540ff1', 'NW26-O-1', '83389975-bcd5-44d0-932c-17ad7009e0f7', '3ad3417c-eeb6-4d6d-9252-941baf14e92e', '15:35:00', 'Standard', true),
  ('dacb827a-74be-455e-9da1-f8a158e5287d', 'NW02-O-7', 'c2a5926f-7db4-4c57-b20a-97b24c7265df', '1e2bf753-f174-4323-8af8-06a18a13db55', '16:00:00', 'Standard', true),
  ('95ddf1b4-5568-4566-9891-5583903db7c9', 'NW02-I-7', '1e2bf753-f174-4323-8af8-06a18a13db55', 'c2a5926f-7db4-4c57-b20a-97b24c7265df', '16:00:00', 'Standard', true),
  ('ff9d5a35-6539-4d09-a9f9-1ce7553df4e4', 'NW07-O-3', 'c2a5926f-7db4-4c57-b20a-97b24c7265df', 'f43e3a98-bf1f-4fdd-8773-42813c175573', '16:00:00', 'Standard', true),
  ('9d6f3865-0735-420c-8b0d-a3587fdb720a', 'NW13-O-3', '23ac811a-de0d-4215-8e2d-761d915f7bf7', 'dd0f3545-9c95-4406-8a25-6e022269be33', '16:00:00', 'Standard', true),
  ('5939b650-d862-45c5-bfec-7028a640f34e', 'NW17-O-2', '1e2bf753-f174-4323-8af8-06a18a13db55', '144f5666-421b-4999-a953-bbefd08a630e', '16:00:00', 'Standard', true),
  ('741b6abb-ba85-4cc1-8a83-3988fed4f967', 'NW20-I-2', '144f5666-421b-4999-a953-bbefd08a630e', 'dd0f3545-9c95-4406-8a25-6e022269be33', '16:00:00', 'Standard', true),
  ('36b93895-0bd4-4d84-b556-4a9fb9d2fc6b', 'NW32-I-2', 'd348d64b-5085-4c84-b7a5-44b5f5da3532', 'c2a5926f-7db4-4c57-b20a-97b24c7265df', '16:00:00', 'Standard', true),
  ('3504c685-e7bf-4079-8dc3-a9bfc974729c', 'NW17-I-2', '144f5666-421b-4999-a953-bbefd08a630e', '1e2bf753-f174-4323-8af8-06a18a13db55', '16:30:00', 'Standard', true),
  ('36e3c966-c09c-431c-b1b1-ab5f984474cc', 'NW31-O-1', 'dd0f3545-9c95-4406-8a25-6e022269be33', 'a136be14-1c75-4ada-b776-c887e2681691', '16:30:00', 'Standard', true),
  ('6d7596c3-3452-4f4e-bf8f-8f44db31fc4b', 'NW33-I-1', '146159cb-bd81-42f5-8f37-f0887fc1c7d8', '144f5666-421b-4999-a953-bbefd08a630e', '16:30:00', 'Standard', true),
  ('ddbcb43c-af95-4124-a81e-55b82d39959e', 'NW04-I-5', 'a136be14-1c75-4ada-b776-c887e2681691', 'c2a5926f-7db4-4c57-b20a-97b24c7265df', '17:00:00', 'Standard', true),
  ('de3f35a1-351a-411b-9c39-06063a95f462', 'NW07-I-4', 'f43e3a98-bf1f-4fdd-8773-42813c175573', 'c2a5926f-7db4-4c57-b20a-97b24c7265df', '17:00:00', 'Standard', true),
  ('2e5377d1-9872-4e18-b98a-798e638b95e7', 'NW28-O-17', 'dd0f3545-9c95-4406-8a25-6e022269be33', '5c78d913-bdb2-4b8a-9415-5155967f412c', '17:00:00', 'Standard', true),
  ('0e9010d6-4aa2-4caf-93d8-326909d0157e', 'NW32-O-2', 'c2a5926f-7db4-4c57-b20a-97b24c7265df', 'd348d64b-5085-4c84-b7a5-44b5f5da3532', '17:00:00', 'Standard', true),
  ('d0b17385-eeb4-4190-a770-90dc06a01e1e', 'NW03-O-1', '7573c7bb-19f0-40f9-a2e0-2e72b8e7f1ec', 'a136be14-1c75-4ada-b776-c887e2681691', '17:05:00', 'Standard', true),
  ('9f8039fd-070f-4297-92be-a340fa81ca4b', 'NW01-O-2', '7573c7bb-19f0-40f9-a2e0-2e72b8e7f1ec', 'af6a564a-a153-4f5b-92df-1c784e9058dd', '17:10:00', 'Standard', true),
  ('eb9ceee8-c338-44df-9bc6-f30991cff08f', 'NW28-I-18', '5c78d913-bdb2-4b8a-9415-5155967f412c', 'dd0f3545-9c95-4406-8a25-6e022269be33', '17:25:00', 'Standard', true),
  ('1de0edf3-2aab-47bf-bb60-ecee67257a4d', 'NW18-I-4', '144f5666-421b-4999-a953-bbefd08a630e', 'c2a5926f-7db4-4c57-b20a-97b24c7265df', '17:30:00', 'Standard', true),
  ('c05dd228-fdb1-4fc9-9734-0306f71cc22d', 'NW22-I-4', '489abc00-f273-48a7-8178-f501a38dc009', '1e2bf753-f174-4323-8af8-06a18a13db55', '17:30:00', 'Standard', true),
  ('72223b98-ffe2-42cd-be30-e10ccec29bd9', 'NW30-I-3', '513bd786-9f02-4865-bff8-ffd667ad1155', 'c2a5926f-7db4-4c57-b20a-97b24c7265df', '17:30:00', 'Standard', true),
  ('bcf21acd-206b-479e-a5de-890a4dcbc898', 'NW14-O-2', '1e2bf753-f174-4323-8af8-06a18a13db55', 'a136be14-1c75-4ada-b776-c887e2681691', '18:00:00', 'Standard', true),
  ('5194b831-eb12-4d7b-a02e-a2b61a2605c4', 'NW15-I-2', '144f5666-421b-4999-a953-bbefd08a630e', '1e2bf753-f174-4323-8af8-06a18a13db55', '18:00:00', 'Standard', true),
  ('9a3a4108-7896-4b0a-9df7-5afd44311e89', 'NW20-O-3', 'dd0f3545-9c95-4406-8a25-6e022269be33', '144f5666-421b-4999-a953-bbefd08a630e', '18:00:00', 'Standard', true),
  ('d6e2ed0f-0120-4e0f-a5c4-573168522b0e', 'NW07-O-4', 'c2a5926f-7db4-4c57-b20a-97b24c7265df', 'f43e3a98-bf1f-4fdd-8773-42813c175573', '18:30:00', 'Standard', true),
  ('ee4b7324-8938-4458-9103-aacc7482176a', 'NW13-I-4', 'dd0f3545-9c95-4406-8a25-6e022269be33', '23ac811a-de0d-4215-8e2d-761d915f7bf7', '18:30:00', 'Standard', true),
  ('05ee09bd-f0f0-4954-9dba-15335ec31dd8', 'NW22-O-4', '1e2bf753-f174-4323-8af8-06a18a13db55', '489abc00-f273-48a7-8178-f501a38dc009', '18:30:00', 'Standard', true),
  ('83b7cd0e-dfdb-4aef-901d-56eb65237179', 'NW18-O-5', 'c2a5926f-7db4-4c57-b20a-97b24c7265df', '144f5666-421b-4999-a953-bbefd08a630e', '19:00:00', 'Standard', true),
  ('87eff1cb-38ba-4261-a5ca-85dee32f47bf', 'NW27-O-1', 'a136be14-1c75-4ada-b776-c887e2681691', 'af6a564a-a153-4f5b-92df-1c784e9058dd', '19:00:00', 'Standard', true),
  ('941ef099-cdac-4733-99db-23379cd51917', 'NW28-O-19', 'dd0f3545-9c95-4406-8a25-6e022269be33', '5c78d913-bdb2-4b8a-9415-5155967f412c', '19:00:00', 'Standard', true),
  ('e2935fb7-6c3f-40d9-ad4e-1107a9ec8bfc', 'NW31-I-1', 'a136be14-1c75-4ada-b776-c887e2681691', 'dd0f3545-9c95-4406-8a25-6e022269be33', '19:00:00', 'Standard', true),
  ('6d356791-cf49-466d-b735-ea38adb36278', 'NW28-I-20', '5c78d913-bdb2-4b8a-9415-5155967f412c', 'dd0f3545-9c95-4406-8a25-6e022269be33', '19:25:00', 'Standard', true),
  ('b585b256-979c-425a-adae-e74904e092d9', 'NW16-O-1', '1e2bf753-f174-4323-8af8-06a18a13db55', '144f5666-421b-4999-a953-bbefd08a630e', '19:30:00', 'Standard', true),
  ('8d257ac5-4bc3-4493-98f3-2c6529629f8f', 'NW20-I-3', '144f5666-421b-4999-a953-bbefd08a630e', 'dd0f3545-9c95-4406-8a25-6e022269be33', '19:30:00', 'Standard', true),
  ('bcdb4b36-4f10-438c-839e-2846ad777d87', 'NW08-I-1', 'f43e3a98-bf1f-4fdd-8773-42813c175573', 'c2a5926f-7db4-4c57-b20a-97b24c7265df', '20:00:00', 'Standard', true),
  ('5158e827-f940-454a-baf7-453c2c08883e', 'NW10-O-2', 'c2a5926f-7db4-4c57-b20a-97b24c7265df', '513bd786-9f02-4865-bff8-ffd667ad1155', '20:00:00', 'Standard', true),
  ('88594ba7-ad88-4ab6-9249-e6aa5c9d2de7', 'NW26-I-1', '3ad3417c-eeb6-4d6d-9252-941baf14e92e', '83389975-bcd5-44d0-932c-17ad7009e0f7', '20:00:00', 'Standard', true),
  ('e2ebd0d1-8f23-4f5d-bd6b-7c25f5ba25a7', 'NW02-O-9', 'c2a5926f-7db4-4c57-b20a-97b24c7265df', '1e2bf753-f174-4323-8af8-06a18a13db55', '20:00:00', 'Standard', true),
  ('482c31ae-2a84-42ab-a5a3-c83f74c595b7', 'NW02-I-9', '1e2bf753-f174-4323-8af8-06a18a13db55', 'c2a5926f-7db4-4c57-b20a-97b24c7265df', '20:00:00', 'Standard', true),
  ('f696cb51-4a92-4e3e-9b05-54128780fd10', 'NW27-I-1', 'af6a564a-a153-4f5b-92df-1c784e9058dd', 'a136be14-1c75-4ada-b776-c887e2681691', '20:15:00', 'Standard', true),
  ('57f267e6-1dab-4b18-aff0-f3e626aca726', 'NW13-O-4', '23ac811a-de0d-4215-8e2d-761d915f7bf7', 'dd0f3545-9c95-4406-8a25-6e022269be33', '20:30:00', 'Standard', true),
  ('016f6ef9-ea4c-4ab5-9552-5433756dd6f2', 'NW33-O-1', '144f5666-421b-4999-a953-bbefd08a630e', '146159cb-bd81-42f5-8f37-f0887fc1c7d8', '20:30:00', 'Standard', true),
  ('e8f83659-d486-47af-8494-2777647c429d', 'NW08-O-1', 'c2a5926f-7db4-4c57-b20a-97b24c7265df', 'f43e3a98-bf1f-4fdd-8773-42813c175573', '21:00:00', 'Standard', true),
  ('4277da4c-18cd-444b-9e95-ffeee296c514', 'NW10-I-1', '513bd786-9f02-4865-bff8-ffd667ad1155', 'c2a5926f-7db4-4c57-b20a-97b24c7265df', '21:00:00', 'Standard', true),
  ('c58782b5-1c4a-4263-9429-4733b229ced9', 'NW14-I-2', 'a136be14-1c75-4ada-b776-c887e2681691', '1e2bf753-f174-4323-8af8-06a18a13db55', '21:00:00', 'Standard', true),
  ('7775503a-b395-4ce8-b92d-d44c88172a7c', 'NW18-O-6', 'c2a5926f-7db4-4c57-b20a-97b24c7265df', '144f5666-421b-4999-a953-bbefd08a630e', '21:00:00', 'Standard', true),
  ('bda82411-ca96-4303-a1f4-8044872563e1', 'NW18-I-5', '144f5666-421b-4999-a953-bbefd08a630e', 'c2a5926f-7db4-4c57-b20a-97b24c7265df', '21:00:00', 'Standard', true),
  ('f7cb4e13-84a1-40f9-95c0-5282c934a8f8', 'NW28-O-21', 'dd0f3545-9c95-4406-8a25-6e022269be33', '5c78d913-bdb2-4b8a-9415-5155967f412c', '21:00:00', 'Standard', true),
  ('69011e7e-0ea7-42c6-a9f2-ef8ec6d5f6c6', 'NW28-I-22', '5c78d913-bdb2-4b8a-9415-5155967f412c', 'dd0f3545-9c95-4406-8a25-6e022269be33', '21:25:00', 'Standard', true),
  ('38e2a295-f1bc-4908-b66b-92dbd8e77ac1', 'NW03-I-1', 'a136be14-1c75-4ada-b776-c887e2681691', '7573c7bb-19f0-40f9-a2e0-2e72b8e7f1ec', '21:30:00', 'Standard', true),
  ('bd3a2d94-77ef-47e9-be34-529904c9ee47', 'NW20-O-4', 'dd0f3545-9c95-4406-8a25-6e022269be33', '144f5666-421b-4999-a953-bbefd08a630e', '21:30:00', 'Standard', true),
  ('dbab9260-e3b2-406b-a20d-6100a0b7294e', 'NW04-O-5', 'c2a5926f-7db4-4c57-b20a-97b24c7265df', 'a136be14-1c75-4ada-b776-c887e2681691', '22:00:00', 'Standard', true),
  ('ec8a727b-348c-4361-9f4f-f3bc35c4f9e2', 'NW16-I-1', '144f5666-421b-4999-a953-bbefd08a630e', '1e2bf753-f174-4323-8af8-06a18a13db55', '22:00:00', 'Standard', true),
  ('4b128eaa-2755-4f33-81ce-73a55488c2b1', 'NW20-I-4', '144f5666-421b-4999-a953-bbefd08a630e', 'dd0f3545-9c95-4406-8a25-6e022269be33', '22:00:00', 'Standard', true),
  ('54528aff-a280-4273-9a7b-f8e774719b07', 'NW30-O-2', 'c2a5926f-7db4-4c57-b20a-97b24c7265df', '513bd786-9f02-4865-bff8-ffd667ad1155', '22:30:00', 'Standard', true),
  ('e9a1d21d-547a-476e-9718-dfa164958684', 'NW28-O-23', 'dd0f3545-9c95-4406-8a25-6e022269be33', '5c78d913-bdb2-4b8a-9415-5155967f412c', '23:00:00', 'Standard', true),
  ('da342de3-efe9-48de-9240-bb41f3b4d239', 'NW28-I-24', '5c78d913-bdb2-4b8a-9415-5155967f412c', 'dd0f3545-9c95-4406-8a25-6e022269be33', '23:25:00', 'Standard', true),
  ('e8fe7627-4eba-4c38-93b9-282b46fbf4fb', 'NW01-I-2', 'af6a564a-a153-4f5b-92df-1c784e9058dd', '7573c7bb-19f0-40f9-a2e0-2e72b8e7f1ec', '23:30:00', 'Standard', true),
  ('7eb72c34-9afb-4e03-b4bd-fa0d5376a559', 'NW08-O-2', 'c2a5926f-7db4-4c57-b20a-97b24c7265df', 'f43e3a98-bf1f-4fdd-8773-42813c175573', '23:30:00', 'Standard', true),
  ('481046ab-44d4-43c8-a6b0-290ae92c73e6', 'NW08-I-2', 'f43e3a98-bf1f-4fdd-8773-42813c175573', 'c2a5926f-7db4-4c57-b20a-97b24c7265df', '23:30:00', 'Standard', true),
  ('495ebb26-8548-4996-b737-a5155093c8e3', 'NW18-I-6', '144f5666-421b-4999-a953-bbefd08a630e', 'c2a5926f-7db4-4c57-b20a-97b24c7265df', '23:30:00', 'Standard', true),
  ('eca7e542-500d-4182-a0c4-febb9e3cd9dd', 'NW19-O-2', 'dd0f3545-9c95-4406-8a25-6e022269be33', '144f5666-421b-4999-a953-bbefd08a630e', '23:45:00', 'Standard', true),
  ('c76a0e3a-a164-4dd4-ba29-0e0d68098efa', 'NW02-O-11', 'c2a5926f-7db4-4c57-b20a-97b24c7265df', '1e2bf753-f174-4323-8af8-06a18a13db55', '23:59:00', 'Standard', true),
  ('02e3b7e0-5141-43a8-9978-5a920cad4ff9', 'NW02-I-11', '1e2bf753-f174-4323-8af8-06a18a13db55', 'c2a5926f-7db4-4c57-b20a-97b24c7265df', '23:59:00', 'Standard', true);

-- Step 4: Insert intermediate stops (transit stations)
INSERT INTO trip_schedule_stops (id, trip_schedule_id, station_id, stop_order) VALUES
  ('98d796a9-4360-4a80-b120-debe1c67fc4d', '13091266-0f24-4df5-b32d-e4deaa8250cc', '7573c7bb-19f0-40f9-a2e0-2e72b8e7f1ec', 1),
  ('e489edde-487d-48b8-b39f-c7faacda071e', '13091266-0f24-4df5-b32d-e4deaa8250cc', 'c2a5926f-7db4-4c57-b20a-97b24c7265df', 2),
  ('6dd86952-7288-4805-a90e-17cb3e820be8', '13091266-0f24-4df5-b32d-e4deaa8250cc', '34a74c5b-e35e-4d40-90d4-a1a99676a327', 3),
  ('e6874ca5-a3ea-44e8-bd20-b958d2f160ff', '13091266-0f24-4df5-b32d-e4deaa8250cc', '642ba62c-67a1-4b8e-8808-5ce240b73e3b', 4),
  ('cb6faeca-0aff-4a9a-b8cf-9abfe3ec2ad9', '13091266-0f24-4df5-b32d-e4deaa8250cc', '1e2bf753-f174-4323-8af8-06a18a13db55', 5),
  ('c00312c4-a233-4d60-98c6-427897524763', '13091266-0f24-4df5-b32d-e4deaa8250cc', '0f2dafaf-180c-4425-90a7-8f3fa7a6e0dc', 6),
  ('689c5605-cb01-4678-8545-cd3650172513', '13091266-0f24-4df5-b32d-e4deaa8250cc', '8854046c-ea2c-473e-929b-1ab8ebdd7e13', 7),
  ('00aea9e9-8f7e-471b-97d4-1906c9b2af22', '13091266-0f24-4df5-b32d-e4deaa8250cc', '3cfcda1d-97c7-4cc4-b127-8895795add42', 8),
  ('108e1a32-4cf6-4530-b6a7-38237de44d39', '13091266-0f24-4df5-b32d-e4deaa8250cc', '8560f0e8-7661-4be9-b80e-1af5cc0c6764', 9),
  ('0d707638-df61-46dd-adff-f30ecb0c8baa', '13091266-0f24-4df5-b32d-e4deaa8250cc', 'af6a564a-a153-4f5b-92df-1c784e9058dd', 10),
  ('7f661f88-87e6-4632-b6be-4ea9cc7c5b1f', '9f8039fd-070f-4297-92be-a340fa81ca4b', '7573c7bb-19f0-40f9-a2e0-2e72b8e7f1ec', 1),
  ('2e8e5655-c41c-448b-962d-36c833d9cad4', '9f8039fd-070f-4297-92be-a340fa81ca4b', 'c2a5926f-7db4-4c57-b20a-97b24c7265df', 2),
  ('bde637f2-3df3-4559-87a3-aa08f9b415d1', '9f8039fd-070f-4297-92be-a340fa81ca4b', '34a74c5b-e35e-4d40-90d4-a1a99676a327', 3),
  ('9b166c1d-7ab8-443a-988a-d02072f2fd71', '9f8039fd-070f-4297-92be-a340fa81ca4b', '642ba62c-67a1-4b8e-8808-5ce240b73e3b', 4),
  ('198c7870-219d-47d5-ade8-0b69d598c767', '9f8039fd-070f-4297-92be-a340fa81ca4b', '1e2bf753-f174-4323-8af8-06a18a13db55', 5),
  ('0322d1e8-1676-4b62-af0b-4a587445f7dc', '9f8039fd-070f-4297-92be-a340fa81ca4b', '0f2dafaf-180c-4425-90a7-8f3fa7a6e0dc', 6),
  ('f8a1f949-b7ae-4bcd-a04d-d9088492bed5', '9f8039fd-070f-4297-92be-a340fa81ca4b', '8854046c-ea2c-473e-929b-1ab8ebdd7e13', 7),
  ('2640efd6-237f-4083-9725-a30efe50286e', '9f8039fd-070f-4297-92be-a340fa81ca4b', '3cfcda1d-97c7-4cc4-b127-8895795add42', 8),
  ('aa20c1df-231d-45bc-8380-d4abb4d1c638', '9f8039fd-070f-4297-92be-a340fa81ca4b', '8560f0e8-7661-4be9-b80e-1af5cc0c6764', 9),
  ('fe570bfc-016d-44e7-b996-862752737b71', '9f8039fd-070f-4297-92be-a340fa81ca4b', 'af6a564a-a153-4f5b-92df-1c784e9058dd', 10),
  ('cccd1788-ba56-46bf-9d89-e6eb8883f470', 'c36e491d-ad17-40cc-8c77-c06afb2cbefa', 'af6a564a-a153-4f5b-92df-1c784e9058dd', 1),
  ('9a173a01-51b3-42e0-bfd7-253ae53986d5', 'c36e491d-ad17-40cc-8c77-c06afb2cbefa', '8560f0e8-7661-4be9-b80e-1af5cc0c6764', 2),
  ('a1a4e32f-7506-4b57-a1c7-cf41a9f1d15b', 'c36e491d-ad17-40cc-8c77-c06afb2cbefa', '3cfcda1d-97c7-4cc4-b127-8895795add42', 3),
  ('6303fb33-bcbc-4415-9a69-60b7e30b6960', 'c36e491d-ad17-40cc-8c77-c06afb2cbefa', '8854046c-ea2c-473e-929b-1ab8ebdd7e13', 4),
  ('7bdcf6e4-6406-410e-82b8-00d0bf644318', 'c36e491d-ad17-40cc-8c77-c06afb2cbefa', '0f2dafaf-180c-4425-90a7-8f3fa7a6e0dc', 5),
  ('452aea24-eead-4f17-ab29-fa9177d72e3b', 'c36e491d-ad17-40cc-8c77-c06afb2cbefa', '1e2bf753-f174-4323-8af8-06a18a13db55', 6),
  ('528e977f-54f5-458f-a332-da450c20bdc0', 'c36e491d-ad17-40cc-8c77-c06afb2cbefa', '642ba62c-67a1-4b8e-8808-5ce240b73e3b', 7),
  ('9ced7d29-d438-4633-9b30-2367e5546881', 'c36e491d-ad17-40cc-8c77-c06afb2cbefa', '34a74c5b-e35e-4d40-90d4-a1a99676a327', 8),
  ('50a9c3d8-3ba0-4390-af91-98ed274b25e2', 'c36e491d-ad17-40cc-8c77-c06afb2cbefa', 'c2a5926f-7db4-4c57-b20a-97b24c7265df', 9),
  ('96a53c40-4fa1-46b8-b4a1-45225c34b41e', 'c36e491d-ad17-40cc-8c77-c06afb2cbefa', '7573c7bb-19f0-40f9-a2e0-2e72b8e7f1ec', 10),
  ('a1e1bb2f-b6c7-414b-9974-08a75af7bf54', 'e8fe7627-4eba-4c38-93b9-282b46fbf4fb', 'af6a564a-a153-4f5b-92df-1c784e9058dd', 1),
  ('1b8713da-a038-4ca2-ae25-d93973f253e7', 'e8fe7627-4eba-4c38-93b9-282b46fbf4fb', '8560f0e8-7661-4be9-b80e-1af5cc0c6764', 2),
  ('91d1aed6-29a7-4c34-837b-6bfcbdc4f34a', 'e8fe7627-4eba-4c38-93b9-282b46fbf4fb', '3cfcda1d-97c7-4cc4-b127-8895795add42', 3),
  ('8359d5b7-5deb-4e8f-8814-fd5039d059f7', 'e8fe7627-4eba-4c38-93b9-282b46fbf4fb', '8854046c-ea2c-473e-929b-1ab8ebdd7e13', 4),
  ('9979f6dc-1ddf-4e7d-b518-a1b633463f65', 'e8fe7627-4eba-4c38-93b9-282b46fbf4fb', '0f2dafaf-180c-4425-90a7-8f3fa7a6e0dc', 5),
  ('5ea6940d-1d76-4a29-98fe-fc370bc7e650', 'e8fe7627-4eba-4c38-93b9-282b46fbf4fb', '1e2bf753-f174-4323-8af8-06a18a13db55', 6),
  ('d1ebaac7-931d-4dd8-888a-49e32587f0c5', 'e8fe7627-4eba-4c38-93b9-282b46fbf4fb', '642ba62c-67a1-4b8e-8808-5ce240b73e3b', 7),
  ('106097dc-1b06-4988-be28-532bed379790', 'e8fe7627-4eba-4c38-93b9-282b46fbf4fb', '34a74c5b-e35e-4d40-90d4-a1a99676a327', 8),
  ('f969a87d-f751-43f3-8bae-1a32931bd03f', 'e8fe7627-4eba-4c38-93b9-282b46fbf4fb', 'c2a5926f-7db4-4c57-b20a-97b24c7265df', 9),
  ('03e2cc37-8813-4f7f-9755-5b7d077320ab', 'e8fe7627-4eba-4c38-93b9-282b46fbf4fb', '7573c7bb-19f0-40f9-a2e0-2e72b8e7f1ec', 10),
  ('c4e38c96-9323-4fd3-93f2-dd03e5dcfa0a', 'dc1bc810-fdee-46da-8987-28d00b9ebc9a', 'c2a5926f-7db4-4c57-b20a-97b24c7265df', 1),
  ('bdf70d5e-333c-4eed-9ca0-304eb1e4e887', 'dc1bc810-fdee-46da-8987-28d00b9ebc9a', '40e7feac-ed1f-40d1-b5b0-de8efbedc92f', 2),
  ('5d3090fe-b428-4d2c-9143-2dcb6040ecf3', 'dc1bc810-fdee-46da-8987-28d00b9ebc9a', '1e2bf753-f174-4323-8af8-06a18a13db55', 3),
  ('6e0ad2aa-73e5-47ec-8314-ab77beb96c01', '3f6e6ea0-5166-455c-a40d-f86077532a7a', 'c2a5926f-7db4-4c57-b20a-97b24c7265df', 1),
  ('7974eadd-34ad-498f-8398-4e57d6d8279c', '3f6e6ea0-5166-455c-a40d-f86077532a7a', '40e7feac-ed1f-40d1-b5b0-de8efbedc92f', 2),
  ('cda61807-934d-4a1b-aa0a-20f330f53694', '3f6e6ea0-5166-455c-a40d-f86077532a7a', '1e2bf753-f174-4323-8af8-06a18a13db55', 3),
  ('28e2a439-f88d-4c2d-9bb8-43a95fab98e6', 'dacb827a-74be-455e-9da1-f8a158e5287d', 'c2a5926f-7db4-4c57-b20a-97b24c7265df', 1),
  ('9dec3d14-e624-49d9-aa57-0430accc4f96', 'dacb827a-74be-455e-9da1-f8a158e5287d', '40e7feac-ed1f-40d1-b5b0-de8efbedc92f', 2),
  ('5254bb97-e9ea-4ffb-ae73-9239ce956975', 'dacb827a-74be-455e-9da1-f8a158e5287d', '1e2bf753-f174-4323-8af8-06a18a13db55', 3),
  ('b5e75b54-d101-457c-8bfc-99c4a541d611', 'e2ebd0d1-8f23-4f5d-bd6b-7c25f5ba25a7', 'c2a5926f-7db4-4c57-b20a-97b24c7265df', 1),
  ('e7ebeb7d-b5a4-4499-9b46-f1d6e63961be', 'e2ebd0d1-8f23-4f5d-bd6b-7c25f5ba25a7', '40e7feac-ed1f-40d1-b5b0-de8efbedc92f', 2),
  ('b9b15d16-fce9-4dcd-b0da-719aa77fdad6', 'e2ebd0d1-8f23-4f5d-bd6b-7c25f5ba25a7', '1e2bf753-f174-4323-8af8-06a18a13db55', 3),
  ('ccf6c176-d8ba-4d8c-81c1-b73fb23d189a', 'c76a0e3a-a164-4dd4-ba29-0e0d68098efa', 'c2a5926f-7db4-4c57-b20a-97b24c7265df', 1),
  ('3e34b075-e944-4110-b8d8-e85ae9e6af4e', 'c76a0e3a-a164-4dd4-ba29-0e0d68098efa', '40e7feac-ed1f-40d1-b5b0-de8efbedc92f', 2),
  ('da39f7c2-dbda-4d2c-9292-7f7aaf2c618c', 'c76a0e3a-a164-4dd4-ba29-0e0d68098efa', '1e2bf753-f174-4323-8af8-06a18a13db55', 3),
  ('438a9deb-a006-4be6-afa1-527c1e40ee96', 'a9efde81-fd13-4ed6-adef-c8448f7da5cc', '1e2bf753-f174-4323-8af8-06a18a13db55', 1),
  ('ef877954-1aea-4e7c-a40d-fb8a14cbc1a1', 'a9efde81-fd13-4ed6-adef-c8448f7da5cc', '34a74c5b-e35e-4d40-90d4-a1a99676a327', 2),
  ('a3b9547e-c0f7-44ed-850a-a71ee2129a51', 'a9efde81-fd13-4ed6-adef-c8448f7da5cc', 'c2a5926f-7db4-4c57-b20a-97b24c7265df', 3),
  ('904484e7-a6a7-43c0-9f04-970c3e8dfc64', '6e542fd4-f58f-47c8-9e60-97872fe1917e', '1e2bf753-f174-4323-8af8-06a18a13db55', 1),
  ('c9bba990-d988-494c-84d9-f4a40ade9dee', '6e542fd4-f58f-47c8-9e60-97872fe1917e', '34a74c5b-e35e-4d40-90d4-a1a99676a327', 2),
  ('9fb72d05-a540-45c6-b7c0-deb41ed16d11', '6e542fd4-f58f-47c8-9e60-97872fe1917e', 'c2a5926f-7db4-4c57-b20a-97b24c7265df', 3),
  ('15b82775-e718-4d80-833e-8243638e1901', '95ddf1b4-5568-4566-9891-5583903db7c9', '1e2bf753-f174-4323-8af8-06a18a13db55', 1),
  ('3ed001f6-f905-4169-937b-14851c05aeba', '95ddf1b4-5568-4566-9891-5583903db7c9', '34a74c5b-e35e-4d40-90d4-a1a99676a327', 2),
  ('3d5fddd2-6a18-4c34-b05a-72e5c9abc440', '95ddf1b4-5568-4566-9891-5583903db7c9', 'c2a5926f-7db4-4c57-b20a-97b24c7265df', 3),
  ('0b09f293-172c-49c7-8f72-37bb4ec24e29', '482c31ae-2a84-42ab-a5a3-c83f74c595b7', '1e2bf753-f174-4323-8af8-06a18a13db55', 1),
  ('1e431e40-4062-41be-8056-743be4ad9ccd', '482c31ae-2a84-42ab-a5a3-c83f74c595b7', '34a74c5b-e35e-4d40-90d4-a1a99676a327', 2),
  ('7aa650dd-994d-4b83-80b2-2e742c724790', '482c31ae-2a84-42ab-a5a3-c83f74c595b7', 'c2a5926f-7db4-4c57-b20a-97b24c7265df', 3),
  ('c5ee39f1-c84b-445b-a091-34d0d27c6236', '02e3b7e0-5141-43a8-9978-5a920cad4ff9', '1e2bf753-f174-4323-8af8-06a18a13db55', 1),
  ('a6b3551c-79fa-4f40-bb52-9fbce9484cab', '02e3b7e0-5141-43a8-9978-5a920cad4ff9', '34a74c5b-e35e-4d40-90d4-a1a99676a327', 2),
  ('2e3e40f5-4a94-4dd5-8463-821b00e7b554', '02e3b7e0-5141-43a8-9978-5a920cad4ff9', 'c2a5926f-7db4-4c57-b20a-97b24c7265df', 3),
  ('c970db5d-1927-49d0-bf40-54bbfdd055c6', 'd0b17385-eeb4-4190-a770-90dc06a01e1e', '7573c7bb-19f0-40f9-a2e0-2e72b8e7f1ec', 1),
  ('a1204184-eec7-4e52-9280-0472fa259905', 'd0b17385-eeb4-4190-a770-90dc06a01e1e', 'c2a5926f-7db4-4c57-b20a-97b24c7265df', 2),
  ('f1b1905d-1da6-444b-b789-16ccf6bc03ad', 'd0b17385-eeb4-4190-a770-90dc06a01e1e', '34a74c5b-e35e-4d40-90d4-a1a99676a327', 3),
  ('d49f066e-0be1-43fd-a62e-2bc9ae4bc36e', 'd0b17385-eeb4-4190-a770-90dc06a01e1e', '64632d9b-8c8a-442a-b531-f3997fdefbb6', 4),
  ('881cb91c-e608-4fd4-a2ca-107f2fc62403', 'd0b17385-eeb4-4190-a770-90dc06a01e1e', '1566000e-bff8-4f3e-94b7-4962702c160c', 5),
  ('3687e898-1240-4a66-8e7b-1d30009acbd5', 'd0b17385-eeb4-4190-a770-90dc06a01e1e', 'b77c5b5e-dd80-41bf-bf72-0a4399dd1383', 6),
  ('e05486aa-26b8-4e25-a6aa-51ea48371760', 'd0b17385-eeb4-4190-a770-90dc06a01e1e', 'a85444a3-f1f3-4134-a2f3-709ed5dd3544', 7),
  ('66cda934-6ead-4c76-8d3d-b5b8febc62fd', 'd0b17385-eeb4-4190-a770-90dc06a01e1e', 'f75d695e-173c-4ff3-afd9-f817c7bf4158', 8),
  ('881fdb22-f17b-4868-b3e4-3dacbd9d5dd0', 'd0b17385-eeb4-4190-a770-90dc06a01e1e', '489abc00-f273-48a7-8178-f501a38dc009', 9),
  ('1bf5677e-247a-47b2-b3d3-2792284b399d', 'd0b17385-eeb4-4190-a770-90dc06a01e1e', 'f6bae125-cd6e-459b-bc4e-83658d4eabe5', 10),
  ('0b023d72-69bd-4c86-bf79-a720da670e70', 'd0b17385-eeb4-4190-a770-90dc06a01e1e', '90170aac-02c5-4d8b-a905-9aae806a0b36', 11),
  ('856eb7bd-debe-408f-8acb-16160deaf468', 'd0b17385-eeb4-4190-a770-90dc06a01e1e', '3eb36fa4-6c36-4d79-b441-021ca36c9068', 12),
  ('7c2e53d4-cbb9-4d15-b3ea-6ab1c2d76d26', 'd0b17385-eeb4-4190-a770-90dc06a01e1e', '0514c24a-d8c2-4317-ae18-03326f94759d', 13),
  ('106bde9a-68ea-401c-b081-c62fb51e544d', 'd0b17385-eeb4-4190-a770-90dc06a01e1e', '455b28a8-d67d-490a-89b1-7ef5ead7167a', 14),
  ('ed64fc23-62c2-4b1a-aed8-86c742c1049b', 'd0b17385-eeb4-4190-a770-90dc06a01e1e', 'a136be14-1c75-4ada-b776-c887e2681691', 15),
  ('316831fb-4e93-4f9a-8096-195b717f32ce', '38e2a295-f1bc-4908-b66b-92dbd8e77ac1', 'a136be14-1c75-4ada-b776-c887e2681691', 1),
  ('89f66c78-0e51-4d89-a0d9-7561cd8336e3', '38e2a295-f1bc-4908-b66b-92dbd8e77ac1', '455b28a8-d67d-490a-89b1-7ef5ead7167a', 2),
  ('3f72af54-8e8e-409a-8b4d-0da6bd1c0eaf', '38e2a295-f1bc-4908-b66b-92dbd8e77ac1', '0514c24a-d8c2-4317-ae18-03326f94759d', 3),
  ('87acd32a-ebb7-42f4-bad9-7ecff87fb422', '38e2a295-f1bc-4908-b66b-92dbd8e77ac1', '3eb36fa4-6c36-4d79-b441-021ca36c9068', 4),
  ('d02ea2a2-da96-4e65-b52e-de72be127b44', '38e2a295-f1bc-4908-b66b-92dbd8e77ac1', '90170aac-02c5-4d8b-a905-9aae806a0b36', 5),
  ('7f147193-277f-4efa-8bca-682501eef019', '38e2a295-f1bc-4908-b66b-92dbd8e77ac1', 'f6bae125-cd6e-459b-bc4e-83658d4eabe5', 6),
  ('0585e26f-b954-4d5a-b2e4-0819700c9790', '38e2a295-f1bc-4908-b66b-92dbd8e77ac1', '489abc00-f273-48a7-8178-f501a38dc009', 7),
  ('62e7853f-03b2-45b9-836c-d70a0b32356c', '38e2a295-f1bc-4908-b66b-92dbd8e77ac1', 'f75d695e-173c-4ff3-afd9-f817c7bf4158', 8),
  ('ea9d3189-d846-4232-b31f-7be0eb739170', '38e2a295-f1bc-4908-b66b-92dbd8e77ac1', 'a85444a3-f1f3-4134-a2f3-709ed5dd3544', 9),
  ('570c7d65-90f7-4bda-82b2-51cf3a0a9010', '38e2a295-f1bc-4908-b66b-92dbd8e77ac1', '2ab02edc-d363-40dd-a654-fd0dbeab2d0e', 10),
  ('47f377f0-81d9-4a2a-95fb-90e113e1e504', '38e2a295-f1bc-4908-b66b-92dbd8e77ac1', '1566000e-bff8-4f3e-94b7-4962702c160c', 11),
  ('026b3bae-ecfd-44bf-a4f8-fed84a2fbc91', '38e2a295-f1bc-4908-b66b-92dbd8e77ac1', '64632d9b-8c8a-442a-b531-f3997fdefbb6', 12),
  ('9b59f081-f9a7-4f28-be39-89c1c42a1083', '38e2a295-f1bc-4908-b66b-92dbd8e77ac1', '34a74c5b-e35e-4d40-90d4-a1a99676a327', 13),
  ('cd5fa970-06ed-496a-b04f-c022613c2510', '38e2a295-f1bc-4908-b66b-92dbd8e77ac1', 'c2a5926f-7db4-4c57-b20a-97b24c7265df', 14),
  ('6b25c6ff-d173-4369-b3be-2873b9173492', '38e2a295-f1bc-4908-b66b-92dbd8e77ac1', '7573c7bb-19f0-40f9-a2e0-2e72b8e7f1ec', 15),
  ('3be4a3aa-6175-4261-a464-1d59ee56c32f', 'c0273382-606e-4730-9c09-e9cc6687bc47', 'c2a5926f-7db4-4c57-b20a-97b24c7265df', 1),
  ('e931778d-be34-47bd-b8a6-05c81fca2733', 'c0273382-606e-4730-9c09-e9cc6687bc47', '34a74c5b-e35e-4d40-90d4-a1a99676a327', 2),
  ('4dbf8636-37c5-42be-81b9-6d8aef8c0a70', 'c0273382-606e-4730-9c09-e9cc6687bc47', '1566000e-bff8-4f3e-94b7-4962702c160c', 3),
  ('57f7102f-a396-4f51-8f25-47ad9c539e9f', 'c0273382-606e-4730-9c09-e9cc6687bc47', 'f75d695e-173c-4ff3-afd9-f817c7bf4158', 4),
  ('bdf0da80-1276-4920-8d5c-a4817e2d9523', 'c0273382-606e-4730-9c09-e9cc6687bc47', '489abc00-f273-48a7-8178-f501a38dc009', 5),
  ('588be278-0971-48d7-9c5b-c93ffd5a7d14', 'c0273382-606e-4730-9c09-e9cc6687bc47', 'f6bae125-cd6e-459b-bc4e-83658d4eabe5', 6),
  ('82034221-b686-4135-b92f-96753b709b55', 'c0273382-606e-4730-9c09-e9cc6687bc47', '90170aac-02c5-4d8b-a905-9aae806a0b36', 7),
  ('76ff4ccd-26ef-4db9-a9a1-4ac9d4d2f5c2', 'c0273382-606e-4730-9c09-e9cc6687bc47', '3eb36fa4-6c36-4d79-b441-021ca36c9068', 8),
  ('c12e3db7-e0b2-4cdd-a239-0b70763326dd', 'c0273382-606e-4730-9c09-e9cc6687bc47', '0514c24a-d8c2-4317-ae18-03326f94759d', 9),
  ('b20217bb-8e4d-4a12-a9a5-214de1f50053', 'c0273382-606e-4730-9c09-e9cc6687bc47', '455b28a8-d67d-490a-89b1-7ef5ead7167a', 10),
  ('946e47ae-9f51-413a-995a-1268d2f90c8c', 'c0273382-606e-4730-9c09-e9cc6687bc47', 'a136be14-1c75-4ada-b776-c887e2681691', 11),
  ('68d967fc-da96-4f8f-bc91-1a78682b300e', '77702aa3-8369-44b0-a528-26bace547d8d', 'c2a5926f-7db4-4c57-b20a-97b24c7265df', 1),
  ('37777d8a-1837-445d-9dd0-b01db58ecfe7', '77702aa3-8369-44b0-a528-26bace547d8d', '34a74c5b-e35e-4d40-90d4-a1a99676a327', 2),
  ('882e6014-7fa9-4375-ab4d-d0f6b24e94f4', '77702aa3-8369-44b0-a528-26bace547d8d', '1566000e-bff8-4f3e-94b7-4962702c160c', 3),
  ('60489437-8fa0-40fc-8788-f2d6d0330ebb', '77702aa3-8369-44b0-a528-26bace547d8d', 'f75d695e-173c-4ff3-afd9-f817c7bf4158', 4),
  ('e386af44-7f55-4756-920f-efe8e77d54da', '77702aa3-8369-44b0-a528-26bace547d8d', '489abc00-f273-48a7-8178-f501a38dc009', 5),
  ('a3f58b7a-acfd-4cb9-9bbd-1515b042bba9', '77702aa3-8369-44b0-a528-26bace547d8d', 'f6bae125-cd6e-459b-bc4e-83658d4eabe5', 6),
  ('5ee8b87b-7340-4c1d-a2b2-8c0f5f8810ef', '77702aa3-8369-44b0-a528-26bace547d8d', '90170aac-02c5-4d8b-a905-9aae806a0b36', 7),
  ('75fd55b1-ad68-43fe-8723-a12798e365ba', '77702aa3-8369-44b0-a528-26bace547d8d', '3eb36fa4-6c36-4d79-b441-021ca36c9068', 8),
  ('42f34e66-f6f0-4b9d-b34a-b2f54174ce7e', '77702aa3-8369-44b0-a528-26bace547d8d', '0514c24a-d8c2-4317-ae18-03326f94759d', 9),
  ('c216b8dc-007a-4cb2-aa42-df785ce16aad', '77702aa3-8369-44b0-a528-26bace547d8d', '455b28a8-d67d-490a-89b1-7ef5ead7167a', 10),
  ('759539d7-2ccb-4455-8d40-c28062e63982', '77702aa3-8369-44b0-a528-26bace547d8d', 'a136be14-1c75-4ada-b776-c887e2681691', 11),
  ('db9f7b63-2193-48b1-bd05-5da7626db722', 'a027d6af-c928-4070-8bd1-6daf8a807d40', 'c2a5926f-7db4-4c57-b20a-97b24c7265df', 1),
  ('35ed89d8-c540-44a2-9c65-031a0ece5c8e', 'a027d6af-c928-4070-8bd1-6daf8a807d40', '34a74c5b-e35e-4d40-90d4-a1a99676a327', 2),
  ('78b0afe2-3f37-445a-a716-9b064ebb4214', 'a027d6af-c928-4070-8bd1-6daf8a807d40', '1566000e-bff8-4f3e-94b7-4962702c160c', 3),
  ('11501a98-a0c0-461b-a532-9ac7718e6498', 'a027d6af-c928-4070-8bd1-6daf8a807d40', 'f75d695e-173c-4ff3-afd9-f817c7bf4158', 4),
  ('47c3fcc6-0198-4b25-b826-bde402172250', 'a027d6af-c928-4070-8bd1-6daf8a807d40', '489abc00-f273-48a7-8178-f501a38dc009', 5),
  ('b92fa509-e434-48e3-af18-dabaf626be1e', 'a027d6af-c928-4070-8bd1-6daf8a807d40', 'f6bae125-cd6e-459b-bc4e-83658d4eabe5', 6),
  ('e829b3a1-5dc3-4329-a7e4-1cde1d08e574', 'a027d6af-c928-4070-8bd1-6daf8a807d40', '90170aac-02c5-4d8b-a905-9aae806a0b36', 7),
  ('112ce399-deee-48de-bfae-137e9ee519ae', 'a027d6af-c928-4070-8bd1-6daf8a807d40', '3eb36fa4-6c36-4d79-b441-021ca36c9068', 8),
  ('2e5d6487-97f3-4dda-9227-fbe525dfe43f', 'a027d6af-c928-4070-8bd1-6daf8a807d40', '0514c24a-d8c2-4317-ae18-03326f94759d', 9),
  ('38979556-1a5b-4b3a-8329-edcd636fa634', 'a027d6af-c928-4070-8bd1-6daf8a807d40', '455b28a8-d67d-490a-89b1-7ef5ead7167a', 10),
  ('fb9d2137-29a1-4c7d-9e7f-7cffdf1f6b45', 'a027d6af-c928-4070-8bd1-6daf8a807d40', 'a136be14-1c75-4ada-b776-c887e2681691', 11),
  ('26e3dd16-405e-42af-82a9-b2f3a9a108d8', '7b1abce9-6bb8-47b1-accc-5a46fe6b4ac9', 'c2a5926f-7db4-4c57-b20a-97b24c7265df', 1),
  ('4cca3226-fcee-4bae-967f-af4d23ca7761', '7b1abce9-6bb8-47b1-accc-5a46fe6b4ac9', '34a74c5b-e35e-4d40-90d4-a1a99676a327', 2),
  ('4b8aeb5e-b46c-46d4-bf24-9a8502e681cc', '7b1abce9-6bb8-47b1-accc-5a46fe6b4ac9', '1566000e-bff8-4f3e-94b7-4962702c160c', 3),
  ('859d1d3a-ef14-406e-8ade-fee7c803c739', '7b1abce9-6bb8-47b1-accc-5a46fe6b4ac9', 'f75d695e-173c-4ff3-afd9-f817c7bf4158', 4),
  ('b1d7aa17-ec69-4f02-8b4b-ef1a072716db', '7b1abce9-6bb8-47b1-accc-5a46fe6b4ac9', '489abc00-f273-48a7-8178-f501a38dc009', 5),
  ('2654674e-7340-4f86-a879-bf2755fac8cb', '7b1abce9-6bb8-47b1-accc-5a46fe6b4ac9', 'f6bae125-cd6e-459b-bc4e-83658d4eabe5', 6),
  ('72f95816-3b04-4da1-ad56-eb742c650809', '7b1abce9-6bb8-47b1-accc-5a46fe6b4ac9', '90170aac-02c5-4d8b-a905-9aae806a0b36', 7),
  ('0b939202-aaff-403b-a0b6-da74ac363f25', '7b1abce9-6bb8-47b1-accc-5a46fe6b4ac9', '3eb36fa4-6c36-4d79-b441-021ca36c9068', 8),
  ('4db0bbed-a42a-4c45-8ef8-05a9d83edc27', '7b1abce9-6bb8-47b1-accc-5a46fe6b4ac9', '0514c24a-d8c2-4317-ae18-03326f94759d', 9),
  ('c4731e66-74b1-4235-9a93-74adcbec2ff1', '7b1abce9-6bb8-47b1-accc-5a46fe6b4ac9', '455b28a8-d67d-490a-89b1-7ef5ead7167a', 10),
  ('5a967138-cba1-4ea0-a7f9-57fe404d11f9', '7b1abce9-6bb8-47b1-accc-5a46fe6b4ac9', 'a136be14-1c75-4ada-b776-c887e2681691', 11),
  ('38c71895-10ec-4968-952f-f47242742df9', 'dbab9260-e3b2-406b-a20d-6100a0b7294e', 'c2a5926f-7db4-4c57-b20a-97b24c7265df', 1),
  ('ea0be4a2-052d-4f26-9c19-595f40f09ccd', 'dbab9260-e3b2-406b-a20d-6100a0b7294e', '34a74c5b-e35e-4d40-90d4-a1a99676a327', 2),
  ('868f8640-3600-401c-84b1-88738de38241', 'dbab9260-e3b2-406b-a20d-6100a0b7294e', '1566000e-bff8-4f3e-94b7-4962702c160c', 3),
  ('8e2a1b8c-960d-4ab4-9bac-6f5421d44bc7', 'dbab9260-e3b2-406b-a20d-6100a0b7294e', 'f75d695e-173c-4ff3-afd9-f817c7bf4158', 4),
  ('0ceda07d-a2a5-47be-bd7d-20f8342881f4', 'dbab9260-e3b2-406b-a20d-6100a0b7294e', '489abc00-f273-48a7-8178-f501a38dc009', 5),
  ('6dee0a3f-59d9-4257-a9f5-64f116079594', 'dbab9260-e3b2-406b-a20d-6100a0b7294e', 'f6bae125-cd6e-459b-bc4e-83658d4eabe5', 6),
  ('1689f06a-c5b1-4a4d-8e42-f340af285a22', 'dbab9260-e3b2-406b-a20d-6100a0b7294e', '90170aac-02c5-4d8b-a905-9aae806a0b36', 7),
  ('cc619122-4ae0-4330-abc2-ebe2e19c9025', 'dbab9260-e3b2-406b-a20d-6100a0b7294e', '3eb36fa4-6c36-4d79-b441-021ca36c9068', 8),
  ('1c82063e-99e6-4fad-ae52-6519dba91988', 'dbab9260-e3b2-406b-a20d-6100a0b7294e', '0514c24a-d8c2-4317-ae18-03326f94759d', 9),
  ('170a9e94-62c3-42a8-bf76-67143ff39b02', 'dbab9260-e3b2-406b-a20d-6100a0b7294e', '455b28a8-d67d-490a-89b1-7ef5ead7167a', 10),
  ('bcff69d1-4076-4f25-aa72-cc0da83d9c2f', 'dbab9260-e3b2-406b-a20d-6100a0b7294e', 'a136be14-1c75-4ada-b776-c887e2681691', 11),
  ('72c5cf13-42a0-4cfe-a457-22981f3e1854', '382851d5-22ce-4e3c-84ca-111d9d61db97', 'a136be14-1c75-4ada-b776-c887e2681691', 1),
  ('d9e7e05c-d797-49fd-9c3e-c05392ae6672', '382851d5-22ce-4e3c-84ca-111d9d61db97', '455b28a8-d67d-490a-89b1-7ef5ead7167a', 2),
  ('a6898e6d-f6c3-4b85-a55a-c2c2fd052881', '382851d5-22ce-4e3c-84ca-111d9d61db97', '0514c24a-d8c2-4317-ae18-03326f94759d', 3),
  ('85df6389-8713-4445-9199-bd8867d88128', '382851d5-22ce-4e3c-84ca-111d9d61db97', '3eb36fa4-6c36-4d79-b441-021ca36c9068', 4),
  ('2993d4bf-5c31-4b89-b4ad-649b41da649f', '382851d5-22ce-4e3c-84ca-111d9d61db97', '90170aac-02c5-4d8b-a905-9aae806a0b36', 5),
  ('af7c18eb-be3f-4289-970b-2e80307f43b2', '382851d5-22ce-4e3c-84ca-111d9d61db97', 'f6bae125-cd6e-459b-bc4e-83658d4eabe5', 6),
  ('2d0e950c-7b11-41bb-9a22-079172616d19', '382851d5-22ce-4e3c-84ca-111d9d61db97', '489abc00-f273-48a7-8178-f501a38dc009', 7),
  ('36d9ee1f-fc26-4b32-bfc3-89791984cb09', '382851d5-22ce-4e3c-84ca-111d9d61db97', 'f75d695e-173c-4ff3-afd9-f817c7bf4158', 8),
  ('b142ee1c-ec6e-4da5-8ae8-5d0858db1095', '382851d5-22ce-4e3c-84ca-111d9d61db97', '1566000e-bff8-4f3e-94b7-4962702c160c', 9),
  ('175a89ed-9941-4810-97f0-423fb0964fd8', '382851d5-22ce-4e3c-84ca-111d9d61db97', '34a74c5b-e35e-4d40-90d4-a1a99676a327', 10),
  ('30ec777f-9806-48cf-8914-b41049d3b404', '382851d5-22ce-4e3c-84ca-111d9d61db97', 'c2a5926f-7db4-4c57-b20a-97b24c7265df', 11),
  ('4f24da60-95fe-4391-b18a-3caed5a3f1ac', '1d11762d-70b8-42e5-8ade-fe0893576ec6', 'a136be14-1c75-4ada-b776-c887e2681691', 1),
  ('4fe10e3d-e4dc-4e25-b487-85954ec424cd', '1d11762d-70b8-42e5-8ade-fe0893576ec6', '455b28a8-d67d-490a-89b1-7ef5ead7167a', 2),
  ('2263def8-ec80-4a45-ac98-c7df70e7f4e4', '1d11762d-70b8-42e5-8ade-fe0893576ec6', '0514c24a-d8c2-4317-ae18-03326f94759d', 3),
  ('9a7c5ac2-79df-437f-8e5c-62cd4d184965', '1d11762d-70b8-42e5-8ade-fe0893576ec6', '3eb36fa4-6c36-4d79-b441-021ca36c9068', 4),
  ('ebbaf390-5fe2-4bec-99b8-85e9805df428', '1d11762d-70b8-42e5-8ade-fe0893576ec6', '90170aac-02c5-4d8b-a905-9aae806a0b36', 5),
  ('76285890-ed33-4478-87a4-fd8454cdd9ca', '1d11762d-70b8-42e5-8ade-fe0893576ec6', 'f6bae125-cd6e-459b-bc4e-83658d4eabe5', 6),
  ('ac736b0b-e77d-4354-9af3-170f95753c85', '1d11762d-70b8-42e5-8ade-fe0893576ec6', '489abc00-f273-48a7-8178-f501a38dc009', 7),
  ('6a2393c9-1e15-43a2-9480-2d1fa1e23dbd', '1d11762d-70b8-42e5-8ade-fe0893576ec6', 'f75d695e-173c-4ff3-afd9-f817c7bf4158', 8),
  ('271e2212-7c9a-425f-a2b5-1a4b0bacacf3', '1d11762d-70b8-42e5-8ade-fe0893576ec6', '1566000e-bff8-4f3e-94b7-4962702c160c', 9),
  ('5609a358-f89d-43c3-a8a8-a6e55ca58edd', '1d11762d-70b8-42e5-8ade-fe0893576ec6', '34a74c5b-e35e-4d40-90d4-a1a99676a327', 10),
  ('f703dc1c-8020-4a7c-90f2-afd1805d12b4', '1d11762d-70b8-42e5-8ade-fe0893576ec6', 'c2a5926f-7db4-4c57-b20a-97b24c7265df', 11),
  ('12114ddf-e643-4e29-ad57-62c3d485e513', 'b17b2785-23df-4b9d-a7be-1f9b1a58567f', 'a136be14-1c75-4ada-b776-c887e2681691', 1),
  ('04ebd868-fac2-4e35-991c-3b6a083961e8', 'b17b2785-23df-4b9d-a7be-1f9b1a58567f', '455b28a8-d67d-490a-89b1-7ef5ead7167a', 2),
  ('d380c907-89e1-4ce6-9baf-34427410406a', 'b17b2785-23df-4b9d-a7be-1f9b1a58567f', '0514c24a-d8c2-4317-ae18-03326f94759d', 3),
  ('0060b520-64bc-4335-9df9-f1378be810f3', 'b17b2785-23df-4b9d-a7be-1f9b1a58567f', '3eb36fa4-6c36-4d79-b441-021ca36c9068', 4),
  ('0d88c5f6-aedc-4d7d-8dfe-47002696c88e', 'b17b2785-23df-4b9d-a7be-1f9b1a58567f', '90170aac-02c5-4d8b-a905-9aae806a0b36', 5),
  ('4ae8ef37-b8dc-4172-b9cb-4491cc4c7e89', 'b17b2785-23df-4b9d-a7be-1f9b1a58567f', 'f6bae125-cd6e-459b-bc4e-83658d4eabe5', 6),
  ('3c07e671-af0d-496d-af55-a12ee8a36143', 'b17b2785-23df-4b9d-a7be-1f9b1a58567f', '489abc00-f273-48a7-8178-f501a38dc009', 7),
  ('10245c10-69f9-4cc4-b3a5-cd52407d0bde', 'b17b2785-23df-4b9d-a7be-1f9b1a58567f', 'f75d695e-173c-4ff3-afd9-f817c7bf4158', 8),
  ('a89efd45-3d5d-4594-9b69-cc32fdbc46d5', 'b17b2785-23df-4b9d-a7be-1f9b1a58567f', '1566000e-bff8-4f3e-94b7-4962702c160c', 9),
  ('e1f7ade6-98d9-4e0f-b5ce-732f53cd40fb', 'b17b2785-23df-4b9d-a7be-1f9b1a58567f', '34a74c5b-e35e-4d40-90d4-a1a99676a327', 10),
  ('c6d0ec85-0dc6-4157-a971-7cac6d8df3ed', 'b17b2785-23df-4b9d-a7be-1f9b1a58567f', 'c2a5926f-7db4-4c57-b20a-97b24c7265df', 11),
  ('5090ee59-244f-4c01-8a5c-8b850510462a', '08953a56-b30f-41fa-a108-b1109794c29e', 'a136be14-1c75-4ada-b776-c887e2681691', 1),
  ('32fa7d07-65d6-4558-8521-d245746a6e75', '08953a56-b30f-41fa-a108-b1109794c29e', '455b28a8-d67d-490a-89b1-7ef5ead7167a', 2),
  ('db58fead-bfcf-463d-94c5-71ce09f3096b', '08953a56-b30f-41fa-a108-b1109794c29e', '0514c24a-d8c2-4317-ae18-03326f94759d', 3),
  ('62242e53-058a-4d24-b58c-60a1f6fb7949', '08953a56-b30f-41fa-a108-b1109794c29e', '3eb36fa4-6c36-4d79-b441-021ca36c9068', 4),
  ('85a01e63-bb1c-4afa-b01f-8355b9ef25ac', '08953a56-b30f-41fa-a108-b1109794c29e', '90170aac-02c5-4d8b-a905-9aae806a0b36', 5),
  ('b7e4f504-493f-45a6-b4d6-07217b2f4f63', '08953a56-b30f-41fa-a108-b1109794c29e', 'f6bae125-cd6e-459b-bc4e-83658d4eabe5', 6),
  ('2b01dae5-c01c-4aba-ab80-d93db0d53321', '08953a56-b30f-41fa-a108-b1109794c29e', '489abc00-f273-48a7-8178-f501a38dc009', 7),
  ('91beadc4-0c71-4195-8579-e2a9e34c653e', '08953a56-b30f-41fa-a108-b1109794c29e', 'f75d695e-173c-4ff3-afd9-f817c7bf4158', 8),
  ('cf503c17-4682-4254-9d05-dd3e8d714479', '08953a56-b30f-41fa-a108-b1109794c29e', '1566000e-bff8-4f3e-94b7-4962702c160c', 9),
  ('b7cda254-4b34-4863-863d-7a0557623ccb', '08953a56-b30f-41fa-a108-b1109794c29e', '34a74c5b-e35e-4d40-90d4-a1a99676a327', 10),
  ('cec38627-b6f2-4015-8f55-f6ef75cd1be7', '08953a56-b30f-41fa-a108-b1109794c29e', 'c2a5926f-7db4-4c57-b20a-97b24c7265df', 11),
  ('f0f5c96f-f287-4f4f-a989-7b87abdf6ef7', 'ddbcb43c-af95-4124-a81e-55b82d39959e', 'a136be14-1c75-4ada-b776-c887e2681691', 1),
  ('d84e91f7-41e8-4359-aaa5-2d39515b4f44', 'ddbcb43c-af95-4124-a81e-55b82d39959e', '455b28a8-d67d-490a-89b1-7ef5ead7167a', 2),
  ('db425842-bbaa-4469-b9a4-5c6ec00bc9bf', 'ddbcb43c-af95-4124-a81e-55b82d39959e', '0514c24a-d8c2-4317-ae18-03326f94759d', 3),
  ('7e4cfa9e-a995-42ea-aadf-0f55e11ac45a', 'ddbcb43c-af95-4124-a81e-55b82d39959e', '3eb36fa4-6c36-4d79-b441-021ca36c9068', 4),
  ('9fb0507d-6ff0-46b9-8ade-ba43b9c9ed7a', 'ddbcb43c-af95-4124-a81e-55b82d39959e', '90170aac-02c5-4d8b-a905-9aae806a0b36', 5),
  ('033ecf64-1a5a-4acd-9cc2-e131d3ca8901', 'ddbcb43c-af95-4124-a81e-55b82d39959e', 'f6bae125-cd6e-459b-bc4e-83658d4eabe5', 6),
  ('4309673e-91d0-42b4-aabe-3d9bcf0fbe61', 'ddbcb43c-af95-4124-a81e-55b82d39959e', '489abc00-f273-48a7-8178-f501a38dc009', 7),
  ('791af0f8-840f-41b7-befd-61ae277981c9', 'ddbcb43c-af95-4124-a81e-55b82d39959e', 'f75d695e-173c-4ff3-afd9-f817c7bf4158', 8),
  ('13ab3004-637f-44f6-bbbd-ddf89751855f', 'ddbcb43c-af95-4124-a81e-55b82d39959e', '1566000e-bff8-4f3e-94b7-4962702c160c', 9),
  ('7a99dbe0-98a8-471e-843d-e85ca63b5720', 'ddbcb43c-af95-4124-a81e-55b82d39959e', '34a74c5b-e35e-4d40-90d4-a1a99676a327', 10),
  ('d24d0edc-0da1-4531-96d7-dada1f88e476', 'ddbcb43c-af95-4124-a81e-55b82d39959e', 'c2a5926f-7db4-4c57-b20a-97b24c7265df', 11),
  ('47e9ab03-5353-430b-a401-c8f16bb4ed8e', 'dd554595-6236-4c00-8e5f-2dd859675882', '1e2bf753-f174-4323-8af8-06a18a13db55', 1),
  ('e98993d1-d7b7-4dc3-9c0c-fd403d5c6b19', 'dd554595-6236-4c00-8e5f-2dd859675882', 'a85444a3-f1f3-4134-a2f3-709ed5dd3544', 2),
  ('85596c8e-aff0-42d8-b89c-f3898dc140e4', 'dd554595-6236-4c00-8e5f-2dd859675882', 'f75d695e-173c-4ff3-afd9-f817c7bf4158', 3),
  ('224bd089-4558-4112-8fda-0d0d93d9222f', 'dd554595-6236-4c00-8e5f-2dd859675882', '489abc00-f273-48a7-8178-f501a38dc009', 4),
  ('c999b836-80e7-4c3b-962a-524113cf81a6', 'dd554595-6236-4c00-8e5f-2dd859675882', 'f6bae125-cd6e-459b-bc4e-83658d4eabe5', 5),
  ('225e3a38-3352-4343-b341-efd9694ae6c0', 'dd554595-6236-4c00-8e5f-2dd859675882', '90170aac-02c5-4d8b-a905-9aae806a0b36', 6),
  ('a74c8b59-e21b-4901-9b9a-e223d11a1faf', 'dd554595-6236-4c00-8e5f-2dd859675882', '3eb36fa4-6c36-4d79-b441-021ca36c9068', 7),
  ('7590fd0d-fe74-4e6f-b297-5987a1731831', 'dd554595-6236-4c00-8e5f-2dd859675882', '0514c24a-d8c2-4317-ae18-03326f94759d', 8),
  ('9881d36d-cabf-4dd0-8570-1ec33f8c0f1c', 'dd554595-6236-4c00-8e5f-2dd859675882', '455b28a8-d67d-490a-89b1-7ef5ead7167a', 9),
  ('f1d0e95a-5181-4492-a4b0-c6d9dca13eda', 'dd554595-6236-4c00-8e5f-2dd859675882', 'a136be14-1c75-4ada-b776-c887e2681691', 10),
  ('707b343a-07ef-4a81-ae21-f9d87f3ef425', '8d3f9684-e380-4d67-91ef-21147bae872c', 'a136be14-1c75-4ada-b776-c887e2681691', 1),
  ('45e49d75-a285-4a18-8291-6a8303c14896', '8d3f9684-e380-4d67-91ef-21147bae872c', '455b28a8-d67d-490a-89b1-7ef5ead7167a', 2),
  ('57c90c3e-b612-47d2-a424-3c3e45117acb', '8d3f9684-e380-4d67-91ef-21147bae872c', '0514c24a-d8c2-4317-ae18-03326f94759d', 3),
  ('dd2a7988-8dd9-463d-b845-6fb4e77775e6', '8d3f9684-e380-4d67-91ef-21147bae872c', '3eb36fa4-6c36-4d79-b441-021ca36c9068', 4),
  ('d968ae70-cac4-4544-af9d-8924f5599f5c', '8d3f9684-e380-4d67-91ef-21147bae872c', '90170aac-02c5-4d8b-a905-9aae806a0b36', 5),
  ('67d81cb5-424d-4f94-bf63-4f115929a036', '8d3f9684-e380-4d67-91ef-21147bae872c', 'f6bae125-cd6e-459b-bc4e-83658d4eabe5', 6),
  ('fd3cb685-005b-4cac-a58b-123b43c38c33', '8d3f9684-e380-4d67-91ef-21147bae872c', '489abc00-f273-48a7-8178-f501a38dc009', 7),
  ('5133c136-faa7-4b25-8904-fe26480c117d', '8d3f9684-e380-4d67-91ef-21147bae872c', 'f75d695e-173c-4ff3-afd9-f817c7bf4158', 8),
  ('3930f572-941e-4c95-9e08-1b787e11572e', '8d3f9684-e380-4d67-91ef-21147bae872c', 'a85444a3-f1f3-4134-a2f3-709ed5dd3544', 9),
  ('2f33e8b7-6466-4933-8097-5173741a2a00', '8d3f9684-e380-4d67-91ef-21147bae872c', '1e2bf753-f174-4323-8af8-06a18a13db55', 10),
  ('21e04014-128a-46ff-ab91-7636d3a27960', '0851e13c-a58e-4257-9503-351a232038b4', 'c2a5926f-7db4-4c57-b20a-97b24c7265df', 1),
  ('73dbc091-5216-4ffe-882c-975428c64ca9', '0851e13c-a58e-4257-9503-351a232038b4', '7573c7bb-19f0-40f9-a2e0-2e72b8e7f1ec', 2),
  ('ed2efa46-957b-4cce-ad61-30c5e609ef28', '0851e13c-a58e-4257-9503-351a232038b4', 'd73e4fd9-388c-4cea-bb1f-c7dee5fad35a', 3),
  ('d29f8425-c495-4b67-b8d2-f24bc22a5f04', '0851e13c-a58e-4257-9503-351a232038b4', 'd6903ac1-7750-49bd-b169-944b72fc6560', 4),
  ('57c7c6af-02e6-40bc-9bdd-014a5a24a00b', '0851e13c-a58e-4257-9503-351a232038b4', '4d7895f9-f087-4a03-bbc7-67ba6b4e7f96', 5),
  ('a1804072-c1ca-4b0d-86e0-273b880f5f4f', '0851e13c-a58e-4257-9503-351a232038b4', 'e05a0ee9-fcb7-4c4e-bd91-8b35f2a0f7e0', 6),
  ('5fad7f76-6265-4a1f-bf84-bc2106242a57', '0851e13c-a58e-4257-9503-351a232038b4', '8d99f122-533e-467e-841a-2ae550e9061f', 7),
  ('4a38df4a-890d-43fc-a468-88d9ecc49709', '0851e13c-a58e-4257-9503-351a232038b4', '4be2584e-b08f-4680-a5ee-652ff24d6ccf', 8),
  ('c1d6fc92-dfb1-4422-8c4c-85cc0d9c3cb7', '0851e13c-a58e-4257-9503-351a232038b4', 'be750d66-133e-4359-81ad-321bae6e5e2a', 9),
  ('2345e0e1-40b9-4c41-a187-5644aef79956', '0851e13c-a58e-4257-9503-351a232038b4', 'f43e3a98-bf1f-4fdd-8773-42813c175573', 10),
  ('61223ff7-ed64-48e2-9985-d26b4f754421', '35ba2e80-0d7a-41f6-8fac-d7377eda91ae', 'c2a5926f-7db4-4c57-b20a-97b24c7265df', 1),
  ('33c602cc-3be4-4bfb-9a92-0f87aaa750f5', '35ba2e80-0d7a-41f6-8fac-d7377eda91ae', '7573c7bb-19f0-40f9-a2e0-2e72b8e7f1ec', 2),
  ('e36b30be-6cbd-47bb-8336-69cba8671777', '35ba2e80-0d7a-41f6-8fac-d7377eda91ae', 'd73e4fd9-388c-4cea-bb1f-c7dee5fad35a', 3),
  ('b5b9800a-34dc-44ee-be5f-6c143286c1fc', '35ba2e80-0d7a-41f6-8fac-d7377eda91ae', 'd6903ac1-7750-49bd-b169-944b72fc6560', 4),
  ('eb3da1f0-6624-4481-9a81-f07a1f2e579f', '35ba2e80-0d7a-41f6-8fac-d7377eda91ae', '4d7895f9-f087-4a03-bbc7-67ba6b4e7f96', 5),
  ('949d5f57-dd5e-405f-947f-78ea2630b187', '35ba2e80-0d7a-41f6-8fac-d7377eda91ae', 'e05a0ee9-fcb7-4c4e-bd91-8b35f2a0f7e0', 6),
  ('09e8227f-03b7-47a9-a966-371c6c124214', '35ba2e80-0d7a-41f6-8fac-d7377eda91ae', '8d99f122-533e-467e-841a-2ae550e9061f', 7),
  ('814486ec-fffe-4226-bb78-94b68701a645', '35ba2e80-0d7a-41f6-8fac-d7377eda91ae', '4be2584e-b08f-4680-a5ee-652ff24d6ccf', 8),
  ('05e05ee0-3754-4791-87d3-68c04c2e5f8d', '35ba2e80-0d7a-41f6-8fac-d7377eda91ae', 'be750d66-133e-4359-81ad-321bae6e5e2a', 9),
  ('db40a850-a3dd-4db7-a1be-ece6ed370466', '35ba2e80-0d7a-41f6-8fac-d7377eda91ae', 'f43e3a98-bf1f-4fdd-8773-42813c175573', 10),
  ('85061946-3bc9-4d96-8b7d-f97245ee1ed4', 'ff9d5a35-6539-4d09-a9f9-1ce7553df4e4', 'c2a5926f-7db4-4c57-b20a-97b24c7265df', 1),
  ('20fc3911-e636-444e-81bd-ebe802214bcd', 'ff9d5a35-6539-4d09-a9f9-1ce7553df4e4', '7573c7bb-19f0-40f9-a2e0-2e72b8e7f1ec', 2),
  ('24728b48-2e39-44e2-82a4-426e1e423643', 'ff9d5a35-6539-4d09-a9f9-1ce7553df4e4', 'd73e4fd9-388c-4cea-bb1f-c7dee5fad35a', 3),
  ('f5c5b965-d85c-42e8-bd6c-c8a7bc658b25', 'ff9d5a35-6539-4d09-a9f9-1ce7553df4e4', 'd6903ac1-7750-49bd-b169-944b72fc6560', 4),
  ('2c4e1db4-90b7-470c-853d-59dff4edf4b4', 'ff9d5a35-6539-4d09-a9f9-1ce7553df4e4', '4d7895f9-f087-4a03-bbc7-67ba6b4e7f96', 5),
  ('9fb0adad-c9da-4d74-b32b-0dfccf1fb4a6', 'ff9d5a35-6539-4d09-a9f9-1ce7553df4e4', 'e05a0ee9-fcb7-4c4e-bd91-8b35f2a0f7e0', 6),
  ('8a624cb8-aeec-468c-8c84-5fa67a5f5ff1', 'ff9d5a35-6539-4d09-a9f9-1ce7553df4e4', '8d99f122-533e-467e-841a-2ae550e9061f', 7),
  ('b9794142-90dc-4870-90e5-37a2ab2bff1a', 'ff9d5a35-6539-4d09-a9f9-1ce7553df4e4', '4be2584e-b08f-4680-a5ee-652ff24d6ccf', 8),
  ('a8d5f40c-882e-4a8c-87c2-f95403f12352', 'ff9d5a35-6539-4d09-a9f9-1ce7553df4e4', 'be750d66-133e-4359-81ad-321bae6e5e2a', 9),
  ('b0933969-2b6b-4b95-bae4-48be807d5041', 'ff9d5a35-6539-4d09-a9f9-1ce7553df4e4', 'f43e3a98-bf1f-4fdd-8773-42813c175573', 10),
  ('63c3d62e-11cf-4c5d-9315-46af029ca004', 'd6e2ed0f-0120-4e0f-a5c4-573168522b0e', 'c2a5926f-7db4-4c57-b20a-97b24c7265df', 1),
  ('e43f7ab1-0472-41d3-874d-e5c012011c3c', 'd6e2ed0f-0120-4e0f-a5c4-573168522b0e', '7573c7bb-19f0-40f9-a2e0-2e72b8e7f1ec', 2),
  ('467c42dd-65ba-4c2d-b4e1-26d858923dcd', 'd6e2ed0f-0120-4e0f-a5c4-573168522b0e', 'd73e4fd9-388c-4cea-bb1f-c7dee5fad35a', 3),
  ('e898e9fe-2949-4a6c-a855-fd252de5a5c6', 'd6e2ed0f-0120-4e0f-a5c4-573168522b0e', 'd6903ac1-7750-49bd-b169-944b72fc6560', 4),
  ('5d98e8cf-d54a-4eb7-80f1-5eaf9635d0a9', 'd6e2ed0f-0120-4e0f-a5c4-573168522b0e', '4d7895f9-f087-4a03-bbc7-67ba6b4e7f96', 5),
  ('65cb9f51-90fb-42a3-b9a2-597ebc0396ea', 'd6e2ed0f-0120-4e0f-a5c4-573168522b0e', 'e05a0ee9-fcb7-4c4e-bd91-8b35f2a0f7e0', 6),
  ('abc7870f-6429-43c9-b1e3-289441776889', 'd6e2ed0f-0120-4e0f-a5c4-573168522b0e', '8d99f122-533e-467e-841a-2ae550e9061f', 7),
  ('0160e9ba-7a7f-4d83-925a-d4ee7b572e78', 'd6e2ed0f-0120-4e0f-a5c4-573168522b0e', '4be2584e-b08f-4680-a5ee-652ff24d6ccf', 8),
  ('9ffba739-a256-4916-888b-1250a01572e3', 'd6e2ed0f-0120-4e0f-a5c4-573168522b0e', 'be750d66-133e-4359-81ad-321bae6e5e2a', 9),
  ('e76da7b3-c4d2-4e57-97d6-c439b6a366e2', 'd6e2ed0f-0120-4e0f-a5c4-573168522b0e', 'f43e3a98-bf1f-4fdd-8773-42813c175573', 10),
  ('e6ca532b-9e36-4639-8e6a-e68cef30e81e', '9b7db7a8-aa8d-47c5-a8f5-65efb5b34743', 'f43e3a98-bf1f-4fdd-8773-42813c175573', 1),
  ('80a7e7cc-606c-482a-8e16-ef9d84855650', '9b7db7a8-aa8d-47c5-a8f5-65efb5b34743', 'be750d66-133e-4359-81ad-321bae6e5e2a', 2),
  ('16424767-17ce-4f1b-a376-3c7116b55732', '9b7db7a8-aa8d-47c5-a8f5-65efb5b34743', '662c2106-4b31-41cd-a0cc-93d14015e297', 3),
  ('3a5636ee-100f-4550-aa39-0dbc7f521cb1', '9b7db7a8-aa8d-47c5-a8f5-65efb5b34743', '8d99f122-533e-467e-841a-2ae550e9061f', 4),
  ('62b284db-22a3-4822-97cb-259c6af6aa1f', '9b7db7a8-aa8d-47c5-a8f5-65efb5b34743', 'e05a0ee9-fcb7-4c4e-bd91-8b35f2a0f7e0', 5),
  ('c863c55c-eee3-496e-947b-d3e2a61070fd', '9b7db7a8-aa8d-47c5-a8f5-65efb5b34743', '344f5774-8319-4a8a-bceb-3d9648a3536d', 6),
  ('12e509f3-2817-43fd-a0c1-07d190de3c38', '9b7db7a8-aa8d-47c5-a8f5-65efb5b34743', 'd6903ac1-7750-49bd-b169-944b72fc6560', 7),
  ('3d96d238-ce89-4ea3-b2e4-dc9f7a9a4713', '9b7db7a8-aa8d-47c5-a8f5-65efb5b34743', '8fb59f7f-e25b-4dd6-9f81-347debd8d1ef', 8),
  ('ebd352f8-fd84-4d94-8467-7af198f2607d', '9b7db7a8-aa8d-47c5-a8f5-65efb5b34743', '7573c7bb-19f0-40f9-a2e0-2e72b8e7f1ec', 9),
  ('43a16301-ec64-4e94-9007-9f6e0cac807a', '9b7db7a8-aa8d-47c5-a8f5-65efb5b34743', 'c2a5926f-7db4-4c57-b20a-97b24c7265df', 10),
  ('1ebbe99d-35e9-4be9-95cc-0f01bbb3bc3d', '91719474-6706-423b-aaa8-188c02882ab5', 'f43e3a98-bf1f-4fdd-8773-42813c175573', 1),
  ('c5c2dcfc-1974-40b7-9a93-927e7e3112b3', '91719474-6706-423b-aaa8-188c02882ab5', 'be750d66-133e-4359-81ad-321bae6e5e2a', 2),
  ('796a43fc-996c-49f2-a0fa-82dc87964eed', '91719474-6706-423b-aaa8-188c02882ab5', '662c2106-4b31-41cd-a0cc-93d14015e297', 3),
  ('55c7d150-f2c2-4221-9875-3d9e6cf69790', '91719474-6706-423b-aaa8-188c02882ab5', '8d99f122-533e-467e-841a-2ae550e9061f', 4),
  ('bda19a54-2c2d-4233-a629-57bd6c5d0dd0', '91719474-6706-423b-aaa8-188c02882ab5', 'e05a0ee9-fcb7-4c4e-bd91-8b35f2a0f7e0', 5),
  ('cd91a78f-5efa-404f-bfa0-e27bb87db2cb', '91719474-6706-423b-aaa8-188c02882ab5', '344f5774-8319-4a8a-bceb-3d9648a3536d', 6),
  ('736b9f60-7183-46e0-9c66-58c2a222b16e', '91719474-6706-423b-aaa8-188c02882ab5', 'd6903ac1-7750-49bd-b169-944b72fc6560', 7),
  ('314fc29a-20e9-4e52-ada4-63cd40125f54', '91719474-6706-423b-aaa8-188c02882ab5', '8fb59f7f-e25b-4dd6-9f81-347debd8d1ef', 8),
  ('80b1ece2-eee8-4346-9bc7-b66b1bd64012', '91719474-6706-423b-aaa8-188c02882ab5', '7573c7bb-19f0-40f9-a2e0-2e72b8e7f1ec', 9),
  ('3f4b0b4d-94b5-4c46-a53e-26286a4610c6', '91719474-6706-423b-aaa8-188c02882ab5', 'c2a5926f-7db4-4c57-b20a-97b24c7265df', 10),
  ('260138ef-e97d-46cc-ad7f-3cdfa10511d7', 'f435f636-8c5a-4e5e-a14b-dee6f115881d', 'f43e3a98-bf1f-4fdd-8773-42813c175573', 1),
  ('aec7cc8d-ff34-4905-96ef-02ae191cb36c', 'f435f636-8c5a-4e5e-a14b-dee6f115881d', 'be750d66-133e-4359-81ad-321bae6e5e2a', 2),
  ('f1d3c81b-ec21-4dd3-813c-4ea5caefa360', 'f435f636-8c5a-4e5e-a14b-dee6f115881d', '662c2106-4b31-41cd-a0cc-93d14015e297', 3),
  ('8649a753-76af-4dbb-b272-2c802898d3ea', 'f435f636-8c5a-4e5e-a14b-dee6f115881d', '8d99f122-533e-467e-841a-2ae550e9061f', 4),
  ('4a3b2ee6-264b-4fef-85c1-a72e995d97c7', 'f435f636-8c5a-4e5e-a14b-dee6f115881d', 'e05a0ee9-fcb7-4c4e-bd91-8b35f2a0f7e0', 5),
  ('64dc2d9a-acba-4baf-9600-522872e68c1a', 'f435f636-8c5a-4e5e-a14b-dee6f115881d', '344f5774-8319-4a8a-bceb-3d9648a3536d', 6),
  ('ea68da50-0543-4a78-bf1d-750e6136f635', 'f435f636-8c5a-4e5e-a14b-dee6f115881d', 'd6903ac1-7750-49bd-b169-944b72fc6560', 7),
  ('a470f3d4-69f7-432e-8d5e-283899539264', 'f435f636-8c5a-4e5e-a14b-dee6f115881d', '8fb59f7f-e25b-4dd6-9f81-347debd8d1ef', 8),
  ('ddc2787b-3360-418c-96bb-dcc474678a93', 'f435f636-8c5a-4e5e-a14b-dee6f115881d', '7573c7bb-19f0-40f9-a2e0-2e72b8e7f1ec', 9),
  ('d2a378e8-de5c-47f7-85da-43c46e873fc9', 'f435f636-8c5a-4e5e-a14b-dee6f115881d', 'c2a5926f-7db4-4c57-b20a-97b24c7265df', 10),
  ('abeb99d2-7560-4c14-a0b6-5e3ce37d28e1', 'de3f35a1-351a-411b-9c39-06063a95f462', 'f43e3a98-bf1f-4fdd-8773-42813c175573', 1),
  ('760f23c6-9fff-4695-97ce-6568d1eac84b', 'de3f35a1-351a-411b-9c39-06063a95f462', 'be750d66-133e-4359-81ad-321bae6e5e2a', 2),
  ('8aef6e8f-e712-4e4f-941b-405669632d47', 'de3f35a1-351a-411b-9c39-06063a95f462', '662c2106-4b31-41cd-a0cc-93d14015e297', 3),
  ('a46c07db-eb51-4006-b38d-bf05ace4136f', 'de3f35a1-351a-411b-9c39-06063a95f462', '8d99f122-533e-467e-841a-2ae550e9061f', 4),
  ('35a3f733-9e5a-4b48-9e8b-6cf890a14a32', 'de3f35a1-351a-411b-9c39-06063a95f462', 'e05a0ee9-fcb7-4c4e-bd91-8b35f2a0f7e0', 5),
  ('1c2c8b51-9bcd-4ca5-8412-b9dfa56bfc31', 'de3f35a1-351a-411b-9c39-06063a95f462', '344f5774-8319-4a8a-bceb-3d9648a3536d', 6),
  ('87603551-31f9-4343-8b62-4f733e41950f', 'de3f35a1-351a-411b-9c39-06063a95f462', 'd6903ac1-7750-49bd-b169-944b72fc6560', 7),
  ('e57a3bc5-54f8-4675-a693-48e0e209b15a', 'de3f35a1-351a-411b-9c39-06063a95f462', '8fb59f7f-e25b-4dd6-9f81-347debd8d1ef', 8),
  ('2a02c579-b060-446d-972c-60cdcbabd530', 'de3f35a1-351a-411b-9c39-06063a95f462', '7573c7bb-19f0-40f9-a2e0-2e72b8e7f1ec', 9),
  ('5f48a5d0-cc70-4ebe-9760-f91390ca0fa3', 'de3f35a1-351a-411b-9c39-06063a95f462', 'c2a5926f-7db4-4c57-b20a-97b24c7265df', 10),
  ('3e8bc5f2-f052-4e29-b23c-721fe61ac8d9', 'e8f83659-d486-47af-8494-2777647c429d', 'c2a5926f-7db4-4c57-b20a-97b24c7265df', 1),
  ('6acccfae-efe2-4fe6-8ddc-3222e12b7f5d', 'e8f83659-d486-47af-8494-2777647c429d', '7573c7bb-19f0-40f9-a2e0-2e72b8e7f1ec', 2),
  ('d43f8039-f5fb-4f17-b193-970e7ccda3d8', 'e8f83659-d486-47af-8494-2777647c429d', 'd73e4fd9-388c-4cea-bb1f-c7dee5fad35a', 3),
  ('14e64c19-1a37-4388-9a22-367768e8ca01', 'e8f83659-d486-47af-8494-2777647c429d', 'd6903ac1-7750-49bd-b169-944b72fc6560', 4),
  ('bc551558-9d19-4ad1-9eec-c18650bc3461', 'e8f83659-d486-47af-8494-2777647c429d', '4d7895f9-f087-4a03-bbc7-67ba6b4e7f96', 5),
  ('532a3b63-cb01-4c7f-b37c-c3fda308c47e', 'e8f83659-d486-47af-8494-2777647c429d', 'e05a0ee9-fcb7-4c4e-bd91-8b35f2a0f7e0', 6),
  ('31d92c1d-aa20-4c1d-a15f-ba6389fc5bce', 'e8f83659-d486-47af-8494-2777647c429d', '8d99f122-533e-467e-841a-2ae550e9061f', 7),
  ('64e1a5da-ae47-4463-8a85-4f1060d243cb', 'e8f83659-d486-47af-8494-2777647c429d', '4be2584e-b08f-4680-a5ee-652ff24d6ccf', 8),
  ('2853a1a0-97d8-40bc-8da6-7a444d152803', 'e8f83659-d486-47af-8494-2777647c429d', 'be750d66-133e-4359-81ad-321bae6e5e2a', 9),
  ('4304d664-e797-421b-98e0-5ecd91bfa59f', 'e8f83659-d486-47af-8494-2777647c429d', 'f43e3a98-bf1f-4fdd-8773-42813c175573', 10),
  ('b571d19d-f0bd-4285-adde-2904e4a6efd2', '7eb72c34-9afb-4e03-b4bd-fa0d5376a559', 'c2a5926f-7db4-4c57-b20a-97b24c7265df', 1),
  ('04c8bb21-fc67-49e1-8f3a-230d10d9e6eb', '7eb72c34-9afb-4e03-b4bd-fa0d5376a559', '7573c7bb-19f0-40f9-a2e0-2e72b8e7f1ec', 2),
  ('f166b967-2590-4e62-ad05-1cfbf1231259', '7eb72c34-9afb-4e03-b4bd-fa0d5376a559', 'd73e4fd9-388c-4cea-bb1f-c7dee5fad35a', 3),
  ('aa61e536-6e7d-4983-a091-c3994b52fa5e', '7eb72c34-9afb-4e03-b4bd-fa0d5376a559', 'd6903ac1-7750-49bd-b169-944b72fc6560', 4),
  ('893902b0-4ec3-4558-8371-1a35224653af', '7eb72c34-9afb-4e03-b4bd-fa0d5376a559', '4d7895f9-f087-4a03-bbc7-67ba6b4e7f96', 5),
  ('8328bfa5-15cc-4baa-87ea-8ef5bf74a829', '7eb72c34-9afb-4e03-b4bd-fa0d5376a559', 'e05a0ee9-fcb7-4c4e-bd91-8b35f2a0f7e0', 6),
  ('6d3bd75a-4440-4dff-8c0e-5dd52a5a5a43', '7eb72c34-9afb-4e03-b4bd-fa0d5376a559', '8d99f122-533e-467e-841a-2ae550e9061f', 7),
  ('3e183840-d408-4dcc-b546-ede8c091d4f2', '7eb72c34-9afb-4e03-b4bd-fa0d5376a559', '4be2584e-b08f-4680-a5ee-652ff24d6ccf', 8),
  ('0c13ba10-e388-41c7-b958-ec8017a7b030', '7eb72c34-9afb-4e03-b4bd-fa0d5376a559', 'be750d66-133e-4359-81ad-321bae6e5e2a', 9),
  ('9c27894c-c3e0-428f-a6cd-2908cdecc8ac', '7eb72c34-9afb-4e03-b4bd-fa0d5376a559', 'f43e3a98-bf1f-4fdd-8773-42813c175573', 10),
  ('29ee7b20-7b22-4cc7-8046-66a6fbaaac64', 'bcdb4b36-4f10-438c-839e-2846ad777d87', 'f43e3a98-bf1f-4fdd-8773-42813c175573', 1),
  ('7aed3fdf-63c5-4287-91c6-2a5ff2935457', 'bcdb4b36-4f10-438c-839e-2846ad777d87', 'be750d66-133e-4359-81ad-321bae6e5e2a', 2),
  ('0e96ec0b-6b55-4077-a9a7-ff2863f8b0b3', 'bcdb4b36-4f10-438c-839e-2846ad777d87', '662c2106-4b31-41cd-a0cc-93d14015e297', 3),
  ('a19628b2-93de-43ac-b7e5-3057242b646c', 'bcdb4b36-4f10-438c-839e-2846ad777d87', '8d99f122-533e-467e-841a-2ae550e9061f', 4),
  ('7a5b88cb-53e8-4d7d-b8a4-32fc1f547a0b', 'bcdb4b36-4f10-438c-839e-2846ad777d87', 'e05a0ee9-fcb7-4c4e-bd91-8b35f2a0f7e0', 5),
  ('9b5630a7-dc95-4016-83d3-44583a3c9f7b', 'bcdb4b36-4f10-438c-839e-2846ad777d87', '344f5774-8319-4a8a-bceb-3d9648a3536d', 6),
  ('ec6c2bb4-8171-47f4-ab3a-b1f4fd2f97c0', 'bcdb4b36-4f10-438c-839e-2846ad777d87', 'd6903ac1-7750-49bd-b169-944b72fc6560', 7),
  ('6e5c2aa7-b682-4ea7-bcfa-f84544d0d821', 'bcdb4b36-4f10-438c-839e-2846ad777d87', '8fb59f7f-e25b-4dd6-9f81-347debd8d1ef', 8),
  ('f01dd4c4-bd09-4a59-9144-bcee9abb5cf1', 'bcdb4b36-4f10-438c-839e-2846ad777d87', '7573c7bb-19f0-40f9-a2e0-2e72b8e7f1ec', 9),
  ('c5484615-dbf0-456b-b523-0674939027a2', 'bcdb4b36-4f10-438c-839e-2846ad777d87', 'c2a5926f-7db4-4c57-b20a-97b24c7265df', 10),
  ('3aebacf3-c21b-4d91-b0a3-aa67a57de04c', '481046ab-44d4-43c8-a6b0-290ae92c73e6', 'f43e3a98-bf1f-4fdd-8773-42813c175573', 1),
  ('cd9632dd-b003-4701-9911-cf79b4b614b4', '481046ab-44d4-43c8-a6b0-290ae92c73e6', 'be750d66-133e-4359-81ad-321bae6e5e2a', 2),
  ('b7b7dd34-30e4-455f-bb13-5ae630765d85', '481046ab-44d4-43c8-a6b0-290ae92c73e6', '662c2106-4b31-41cd-a0cc-93d14015e297', 3),
  ('50714ce1-1f99-437e-a52c-bbffab5bb8ff', '481046ab-44d4-43c8-a6b0-290ae92c73e6', '8d99f122-533e-467e-841a-2ae550e9061f', 4),
  ('bf1e2fe3-ea27-4513-955c-09774adeb9a3', '481046ab-44d4-43c8-a6b0-290ae92c73e6', 'e05a0ee9-fcb7-4c4e-bd91-8b35f2a0f7e0', 5),
  ('dc6802f8-3815-4819-936b-7fa83777ddfe', '481046ab-44d4-43c8-a6b0-290ae92c73e6', '344f5774-8319-4a8a-bceb-3d9648a3536d', 6),
  ('aa1c0d83-a503-47c2-8c2b-b037f766f0ad', '481046ab-44d4-43c8-a6b0-290ae92c73e6', 'd6903ac1-7750-49bd-b169-944b72fc6560', 7),
  ('4a50f937-d767-4cca-82cd-fed3cf5ab197', '481046ab-44d4-43c8-a6b0-290ae92c73e6', '8fb59f7f-e25b-4dd6-9f81-347debd8d1ef', 8),
  ('40ac9e6c-67dc-4868-aa1d-a65d94ca68d0', '481046ab-44d4-43c8-a6b0-290ae92c73e6', '7573c7bb-19f0-40f9-a2e0-2e72b8e7f1ec', 9),
  ('0b8ceb67-b512-401c-99e2-6cc3eac64b5a', '481046ab-44d4-43c8-a6b0-290ae92c73e6', 'c2a5926f-7db4-4c57-b20a-97b24c7265df', 10),
  ('51b202c4-ca7e-42e1-9ed2-c6fee8eb60c6', '6b7ba859-95ff-44fd-9d2e-84ba03f8cbc2', 'c2a5926f-7db4-4c57-b20a-97b24c7265df', 1),
  ('6e229ecd-719c-4e0a-bdc5-b4188db07156', '6b7ba859-95ff-44fd-9d2e-84ba03f8cbc2', '7573c7bb-19f0-40f9-a2e0-2e72b8e7f1ec', 2),
  ('d368a0e7-73ae-4a1c-87ed-39adb3bb8fb2', '6b7ba859-95ff-44fd-9d2e-84ba03f8cbc2', 'd73e4fd9-388c-4cea-bb1f-c7dee5fad35a', 3),
  ('58f14817-bd47-4594-aa19-107864f3f681', '6b7ba859-95ff-44fd-9d2e-84ba03f8cbc2', 'd6903ac1-7750-49bd-b169-944b72fc6560', 4),
  ('154b0aa6-16e5-4b2b-b58a-b5e86563b23c', '6b7ba859-95ff-44fd-9d2e-84ba03f8cbc2', '513bd786-9f02-4865-bff8-ffd667ad1155', 5),
  ('326bdb9c-b9e3-41a5-98ab-ea308dd5e606', '5158e827-f940-454a-baf7-453c2c08883e', 'c2a5926f-7db4-4c57-b20a-97b24c7265df', 1),
  ('9e0580db-34ce-47ed-b00d-13da48315f40', '5158e827-f940-454a-baf7-453c2c08883e', '7573c7bb-19f0-40f9-a2e0-2e72b8e7f1ec', 2),
  ('31722117-60b8-41d7-b360-da6269d8168f', '5158e827-f940-454a-baf7-453c2c08883e', 'd73e4fd9-388c-4cea-bb1f-c7dee5fad35a', 3),
  ('ba6d2151-f44f-4a33-ae14-7d091a5dac0c', '5158e827-f940-454a-baf7-453c2c08883e', 'd6903ac1-7750-49bd-b169-944b72fc6560', 4),
  ('4586dfde-f83a-4604-b016-5bf68c7768d7', '5158e827-f940-454a-baf7-453c2c08883e', '513bd786-9f02-4865-bff8-ffd667ad1155', 5),
  ('cae737c0-8b4d-4fb8-83f4-74a5e82a776c', '4277da4c-18cd-444b-9e95-ffeee296c514', '513bd786-9f02-4865-bff8-ffd667ad1155', 1),
  ('f66bdad4-1d29-4a61-97ea-fb61b894f92d', '4277da4c-18cd-444b-9e95-ffeee296c514', 'd6903ac1-7750-49bd-b169-944b72fc6560', 2),
  ('db1224c6-bbf9-4688-9027-a0c3903c208a', '4277da4c-18cd-444b-9e95-ffeee296c514', '8fb59f7f-e25b-4dd6-9f81-347debd8d1ef', 3),
  ('aafe72c5-5b81-411e-80be-60ba541e9804', '4277da4c-18cd-444b-9e95-ffeee296c514', '7573c7bb-19f0-40f9-a2e0-2e72b8e7f1ec', 4),
  ('b4d59f7c-931b-4bd1-b0de-15fd363e462a', '4277da4c-18cd-444b-9e95-ffeee296c514', 'c2a5926f-7db4-4c57-b20a-97b24c7265df', 5),
  ('29861e5d-2ec5-432a-af8e-945af180253d', '016ed281-1595-4a87-9997-f68247cb5ee1', 'c2a5926f-7db4-4c57-b20a-97b24c7265df', 1),
  ('3cb73ef1-5c29-44c2-b33e-bca55bfd80a3', '016ed281-1595-4a87-9997-f68247cb5ee1', '7573c7bb-19f0-40f9-a2e0-2e72b8e7f1ec', 2),
  ('9e15169c-c622-4b14-b34e-1c718ff5d1f7', '016ed281-1595-4a87-9997-f68247cb5ee1', 'dd0f3545-9c95-4406-8a25-6e022269be33', 3),
  ('1dd5d966-c36b-4069-b06e-02ce7a14e999', '016ed281-1595-4a87-9997-f68247cb5ee1', '7f37c53c-4cc9-4d75-9c67-86afaa31034c', 4),
  ('0895d587-ab5b-4322-b089-b5aa56db2364', '016ed281-1595-4a87-9997-f68247cb5ee1', '033fd6f5-7a04-45c6-b8aa-0b0e26e08b04', 5),
  ('d5697990-2c19-4f3d-8b82-8ba86bcb166b', '016ed281-1595-4a87-9997-f68247cb5ee1', '70f28153-89e1-4982-a646-76468808b692', 6),
  ('5fbd2ee8-4b2f-4016-82d2-1033584146f2', '016ed281-1595-4a87-9997-f68247cb5ee1', 'f7a64bea-9719-4572-a403-8a2c5eb2fe34', 7),
  ('b45f576a-9954-4a9f-8bac-a6b1b04503b3', '016ed281-1595-4a87-9997-f68247cb5ee1', 'c2f01c25-c58c-4d29-a64e-5e46a4f34e3f', 8),
  ('94911169-203b-40fe-9413-1eab02da1ae8', '016ed281-1595-4a87-9997-f68247cb5ee1', '2989ea5f-00e4-4c5b-be54-ceaeea116afd', 9),
  ('c7e18593-18dc-4a01-ba6e-e837c2ea541e', '016ed281-1595-4a87-9997-f68247cb5ee1', 'bf95c992-88ee-48f5-8a56-bc19f4bfc273', 10),
  ('464be54a-0168-4d4d-a1c6-0c69609a7ac2', '016ed281-1595-4a87-9997-f68247cb5ee1', '92742173-e93b-4626-9958-df7cc2ffde8f', 11),
  ('8c59ed18-986a-48b7-9c6f-55d61cdcfbe8', '016ed281-1595-4a87-9997-f68247cb5ee1', '146159cb-bd81-42f5-8f37-f0887fc1c7d8', 12),
  ('b8a7dfba-62f5-45fb-ae29-d617d93d3640', 'cae34aae-0215-4717-839d-b2d5b8e3023e', '146159cb-bd81-42f5-8f37-f0887fc1c7d8', 1),
  ('43499f4b-f867-4003-aaf4-d99960029aa3', 'cae34aae-0215-4717-839d-b2d5b8e3023e', '8fd26e5d-8af1-4fab-b967-43954d6807b4', 2),
  ('0f7944a8-caf8-466b-9a73-693616ad8d3a', 'cae34aae-0215-4717-839d-b2d5b8e3023e', '2c795f24-cddd-43fe-ae6c-e860b14542a4', 3),
  ('0fc8a506-e108-4ae0-a58b-17f1daa52dcc', 'cae34aae-0215-4717-839d-b2d5b8e3023e', '2989ea5f-00e4-4c5b-be54-ceaeea116afd', 4),
  ('f98a496a-89b0-472c-86ab-4df87970b8ca', 'cae34aae-0215-4717-839d-b2d5b8e3023e', '8c9061a9-4067-4c32-9448-059b5275fd3f', 5),
  ('2d422288-6cf8-4bd3-b168-1e92f703c6aa', 'cae34aae-0215-4717-839d-b2d5b8e3023e', '6b15f878-ee25-46f1-aa79-9aeb82a18994', 6),
  ('a30af87c-a7fd-40af-ae24-6c0f2b12cc05', 'cae34aae-0215-4717-839d-b2d5b8e3023e', '70f28153-89e1-4982-a646-76468808b692', 7),
  ('00a31e53-cb39-4807-be0f-9833de611fce', 'cae34aae-0215-4717-839d-b2d5b8e3023e', '033fd6f5-7a04-45c6-b8aa-0b0e26e08b04', 8),
  ('9db99454-9f88-4b64-9962-569431540381', 'cae34aae-0215-4717-839d-b2d5b8e3023e', 'c1efd6e6-1559-47a5-84fe-4a4d38d0ee24', 9),
  ('478d0384-e6fe-4558-b057-39355397b396', 'cae34aae-0215-4717-839d-b2d5b8e3023e', 'dd0f3545-9c95-4406-8a25-6e022269be33', 10),
  ('b2bfdd15-7a92-4c2d-a839-3cc4bf8ea404', 'cae34aae-0215-4717-839d-b2d5b8e3023e', '7573c7bb-19f0-40f9-a2e0-2e72b8e7f1ec', 11),
  ('0b6a0282-bbe3-48d9-bc5e-d5776d8e2e05', 'cae34aae-0215-4717-839d-b2d5b8e3023e', 'c2a5926f-7db4-4c57-b20a-97b24c7265df', 12),
  ('3ebc4284-9a11-4b73-a490-a07d32b2d119', '5a043b09-08e7-44b8-bf5e-359d68e5f642', '23ac811a-de0d-4215-8e2d-761d915f7bf7', 1),
  ('0ef55cf0-3403-4567-961b-9a5676c3450b', '5a043b09-08e7-44b8-bf5e-359d68e5f642', 'c2a5926f-7db4-4c57-b20a-97b24c7265df', 2),
  ('547c3ce6-d77b-4909-901e-d405303e1bd3', '5a043b09-08e7-44b8-bf5e-359d68e5f642', '7573c7bb-19f0-40f9-a2e0-2e72b8e7f1ec', 3),
  ('9ef2b16d-4f13-46a8-a18a-b06256adf29e', '5a043b09-08e7-44b8-bf5e-359d68e5f642', 'dd0f3545-9c95-4406-8a25-6e022269be33', 4),
  ('fffe7220-66c1-4a11-ad61-3472d7ab5b0e', '310ab83b-d323-4ad8-a057-b27575c83976', '23ac811a-de0d-4215-8e2d-761d915f7bf7', 1),
  ('3cac33b3-fd13-417a-9a44-62f903b366f6', '310ab83b-d323-4ad8-a057-b27575c83976', 'c2a5926f-7db4-4c57-b20a-97b24c7265df', 2),
  ('b5fc0f6b-3cdc-4a4b-8697-9ba572c88b99', '310ab83b-d323-4ad8-a057-b27575c83976', '7573c7bb-19f0-40f9-a2e0-2e72b8e7f1ec', 3),
  ('e8f90cab-3a00-47df-9866-ce2ee2b6ea6b', '310ab83b-d323-4ad8-a057-b27575c83976', 'dd0f3545-9c95-4406-8a25-6e022269be33', 4),
  ('7695f1f1-e61f-4baa-9fde-f399b0a9d5f0', '9d6f3865-0735-420c-8b0d-a3587fdb720a', '23ac811a-de0d-4215-8e2d-761d915f7bf7', 1),
  ('5fba277b-33f4-48dc-894e-b2a56c78dea0', '9d6f3865-0735-420c-8b0d-a3587fdb720a', 'c2a5926f-7db4-4c57-b20a-97b24c7265df', 2),
  ('4c9364d2-1d6c-4e81-8c8a-a3a2046f8c6c', '9d6f3865-0735-420c-8b0d-a3587fdb720a', '7573c7bb-19f0-40f9-a2e0-2e72b8e7f1ec', 3),
  ('99af6797-6428-4937-92fa-4328ce7ec3ed', '9d6f3865-0735-420c-8b0d-a3587fdb720a', 'dd0f3545-9c95-4406-8a25-6e022269be33', 4),
  ('decd7747-58b8-499e-bc36-73b31e5dd00a', '57f267e6-1dab-4b18-aff0-f3e626aca726', '23ac811a-de0d-4215-8e2d-761d915f7bf7', 1),
  ('616338be-859c-46d1-9308-85050d4c8e58', '57f267e6-1dab-4b18-aff0-f3e626aca726', 'c2a5926f-7db4-4c57-b20a-97b24c7265df', 2),
  ('8d9f6834-1757-4e59-b287-6bacc1bddb6e', '57f267e6-1dab-4b18-aff0-f3e626aca726', '7573c7bb-19f0-40f9-a2e0-2e72b8e7f1ec', 3),
  ('f39739bf-0030-41d3-a9f6-0140bdd9929a', '57f267e6-1dab-4b18-aff0-f3e626aca726', 'dd0f3545-9c95-4406-8a25-6e022269be33', 4),
  ('353a4f3e-19da-4494-8513-aa874a825c4b', 'c78cb6f9-19ed-45be-8d25-276ded6da177', 'dd0f3545-9c95-4406-8a25-6e022269be33', 1),
  ('8ea26082-8345-4f96-843b-207571654e2b', 'c78cb6f9-19ed-45be-8d25-276ded6da177', '7573c7bb-19f0-40f9-a2e0-2e72b8e7f1ec', 2),
  ('669c9525-524e-426c-a75e-c0f101a6475d', 'c78cb6f9-19ed-45be-8d25-276ded6da177', 'c2a5926f-7db4-4c57-b20a-97b24c7265df', 3),
  ('87d4db6c-18e8-4e67-9ad7-c6c309c409e6', 'c78cb6f9-19ed-45be-8d25-276ded6da177', '23ac811a-de0d-4215-8e2d-761d915f7bf7', 4),
  ('fc238a1d-be70-400e-9e36-0349776bccbb', '1e0c6656-796d-451b-9bfc-f8f37409ea3c', 'dd0f3545-9c95-4406-8a25-6e022269be33', 1),
  ('91900606-d763-483f-aae6-079929ad4b3b', '1e0c6656-796d-451b-9bfc-f8f37409ea3c', '7573c7bb-19f0-40f9-a2e0-2e72b8e7f1ec', 2),
  ('e1957e82-2a77-4764-9e0b-cd2e8f637be7', '1e0c6656-796d-451b-9bfc-f8f37409ea3c', 'c2a5926f-7db4-4c57-b20a-97b24c7265df', 3),
  ('bdfca86b-3c9d-4639-b381-f154da7a0034', '1e0c6656-796d-451b-9bfc-f8f37409ea3c', '23ac811a-de0d-4215-8e2d-761d915f7bf7', 4),
  ('d691aba0-799a-4a2b-bdd0-f4335bb27d32', '979e616c-c756-4919-b066-3411e81e0433', 'dd0f3545-9c95-4406-8a25-6e022269be33', 1),
  ('f1f2f0ed-76c3-4a93-9ce4-a6d93d61509a', '979e616c-c756-4919-b066-3411e81e0433', '7573c7bb-19f0-40f9-a2e0-2e72b8e7f1ec', 2),
  ('2e23d441-c43c-4b49-b944-bec3be533749', '979e616c-c756-4919-b066-3411e81e0433', 'c2a5926f-7db4-4c57-b20a-97b24c7265df', 3),
  ('1e646002-8c05-4548-b82d-a3873d03bf51', '979e616c-c756-4919-b066-3411e81e0433', '23ac811a-de0d-4215-8e2d-761d915f7bf7', 4),
  ('030a93e6-130e-40a1-a070-9c5134a7f4a5', 'ee4b7324-8938-4458-9103-aacc7482176a', 'dd0f3545-9c95-4406-8a25-6e022269be33', 1),
  ('b958faf6-a9bc-442f-a006-1821ac5ca80a', 'ee4b7324-8938-4458-9103-aacc7482176a', '7573c7bb-19f0-40f9-a2e0-2e72b8e7f1ec', 2),
  ('a780d40f-c2d2-4868-b411-953fde685a68', 'ee4b7324-8938-4458-9103-aacc7482176a', 'c2a5926f-7db4-4c57-b20a-97b24c7265df', 3),
  ('da298bf8-adce-4e17-9190-527aa0e5014b', 'ee4b7324-8938-4458-9103-aacc7482176a', '23ac811a-de0d-4215-8e2d-761d915f7bf7', 4),
  ('787ce86a-e029-4017-a3d1-d9729e553422', '2b0cd780-898a-43df-9a20-91936421d2eb', '1e2bf753-f174-4323-8af8-06a18a13db55', 1),
  ('0074302a-14b7-44ff-bdc6-26274794e353', '2b0cd780-898a-43df-9a20-91936421d2eb', '0bf4a662-7d5c-49ea-85d7-ca465d1caa8a', 2),
  ('68293b4f-f915-4817-baa6-0941751b05b2', '2b0cd780-898a-43df-9a20-91936421d2eb', '745cff1c-db65-4dcd-9342-87799cf4e9d4', 3),
  ('2f8b15fd-76b5-4a89-8408-ff09d33beafa', '2b0cd780-898a-43df-9a20-91936421d2eb', '25ed0c69-5d9a-4b53-8f7f-d0368cadb8f0', 4),
  ('704bc569-d5c0-46f0-bd09-e1c39c891433', '2b0cd780-898a-43df-9a20-91936421d2eb', 'dfecebfb-0fff-4910-b5cd-e75f85fc623a', 5),
  ('432be542-95b6-4680-91db-d0f70d2a619b', '2b0cd780-898a-43df-9a20-91936421d2eb', '26cc406f-f07c-49b8-9043-2db422393b74', 6),
  ('66240218-9fa0-4b87-a5cc-13febe9b1507', '2b0cd780-898a-43df-9a20-91936421d2eb', 'a136be14-1c75-4ada-b776-c887e2681691', 7),
  ('bdc634c6-4810-4fd9-ad9c-bd200eb4cdd9', 'bcf21acd-206b-479e-a5de-890a4dcbc898', '1e2bf753-f174-4323-8af8-06a18a13db55', 1),
  ('fc9b0271-2370-4721-8c26-ef9c473fbacf', 'bcf21acd-206b-479e-a5de-890a4dcbc898', '0bf4a662-7d5c-49ea-85d7-ca465d1caa8a', 2),
  ('70db9942-3591-48d5-ada5-0e756ac55621', 'bcf21acd-206b-479e-a5de-890a4dcbc898', '745cff1c-db65-4dcd-9342-87799cf4e9d4', 3),
  ('78123a0f-5b62-48fd-bde3-96d33707d5ec', 'bcf21acd-206b-479e-a5de-890a4dcbc898', '25ed0c69-5d9a-4b53-8f7f-d0368cadb8f0', 4),
  ('e6829c43-7d92-4d37-99fc-5b391696143b', 'bcf21acd-206b-479e-a5de-890a4dcbc898', 'dfecebfb-0fff-4910-b5cd-e75f85fc623a', 5),
  ('6eade962-1ac7-434b-8f41-afa4d3220bcc', 'bcf21acd-206b-479e-a5de-890a4dcbc898', '26cc406f-f07c-49b8-9043-2db422393b74', 6),
  ('38d6b3d5-40a2-49df-b98c-0843127a6875', 'bcf21acd-206b-479e-a5de-890a4dcbc898', 'a136be14-1c75-4ada-b776-c887e2681691', 7),
  ('1c82c0fa-2d07-4cff-99ea-4f8de34364db', 'a8447182-772d-4d68-9474-70ad43680bfd', 'a136be14-1c75-4ada-b776-c887e2681691', 1),
  ('2a7b4167-8f95-4a51-9e77-73a357842180', 'a8447182-772d-4d68-9474-70ad43680bfd', '26cc406f-f07c-49b8-9043-2db422393b74', 2),
  ('1667ed44-52c8-4d18-a0ff-6e49f6f3a287', 'a8447182-772d-4d68-9474-70ad43680bfd', 'dfecebfb-0fff-4910-b5cd-e75f85fc623a', 3),
  ('6c2deee1-652a-4b0d-998d-8e11107e22f5', 'a8447182-772d-4d68-9474-70ad43680bfd', '25ed0c69-5d9a-4b53-8f7f-d0368cadb8f0', 4),
  ('c43804ec-c256-4fa9-9d97-fdff24b9da5d', 'a8447182-772d-4d68-9474-70ad43680bfd', '745cff1c-db65-4dcd-9342-87799cf4e9d4', 5),
  ('f926167f-fd42-46b2-92cc-a5385389e463', 'a8447182-772d-4d68-9474-70ad43680bfd', '0bf4a662-7d5c-49ea-85d7-ca465d1caa8a', 6),
  ('512e63a6-94af-4b3d-89ec-ba0cbe40eb0c', 'a8447182-772d-4d68-9474-70ad43680bfd', '1e2bf753-f174-4323-8af8-06a18a13db55', 7),
  ('63428aea-0039-4f61-b5b2-c8fca60eacce', 'c58782b5-1c4a-4263-9429-4733b229ced9', 'a136be14-1c75-4ada-b776-c887e2681691', 1),
  ('94056995-2ce5-4aaa-82ae-e4110309a560', 'c58782b5-1c4a-4263-9429-4733b229ced9', '26cc406f-f07c-49b8-9043-2db422393b74', 2),
  ('90d7076b-310b-4551-9719-3b08a2849b93', 'c58782b5-1c4a-4263-9429-4733b229ced9', 'dfecebfb-0fff-4910-b5cd-e75f85fc623a', 3),
  ('7e65f28e-f476-4cd5-b672-a35a9d55beb2', 'c58782b5-1c4a-4263-9429-4733b229ced9', '25ed0c69-5d9a-4b53-8f7f-d0368cadb8f0', 4),
  ('8e4a1b31-142a-4405-b5e5-329d7f583a56', 'c58782b5-1c4a-4263-9429-4733b229ced9', '745cff1c-db65-4dcd-9342-87799cf4e9d4', 5),
  ('050320b8-bd0c-48e6-9d62-ed39545fb7e9', 'c58782b5-1c4a-4263-9429-4733b229ced9', '0bf4a662-7d5c-49ea-85d7-ca465d1caa8a', 6),
  ('b6c17972-ae9b-4a43-b41f-382b41229feb', 'c58782b5-1c4a-4263-9429-4733b229ced9', '1e2bf753-f174-4323-8af8-06a18a13db55', 7),
  ('f5588297-50c2-4ea1-bd32-2ffa545bb852', '1a940d20-d7af-48bb-8906-1a0fda6910a0', '1e2bf753-f174-4323-8af8-06a18a13db55', 1),
  ('a76c8a45-3182-4f19-81e0-e9323db00a3c', '1a940d20-d7af-48bb-8906-1a0fda6910a0', '0f2dafaf-180c-4425-90a7-8f3fa7a6e0dc', 2),
  ('9ff61b5e-0e3b-48c6-a835-3f878b17e6f2', '1a940d20-d7af-48bb-8906-1a0fda6910a0', '1dc88420-b172-42e4-9938-403f6a011034', 3),
  ('e1092a7e-4f85-4476-9f60-d7614d45bbca', '1a940d20-d7af-48bb-8906-1a0fda6910a0', '913621a1-c712-49e7-a412-174e5547f908', 4),
  ('3600df70-bfa7-4eb5-9f90-df78eef9945f', '1a940d20-d7af-48bb-8906-1a0fda6910a0', '8f2e7036-a9b3-466d-9cbc-d5d25b8b7b97', 5),
  ('2dc5cf95-58b6-4650-b29f-a7a4a3becaea', '1a940d20-d7af-48bb-8906-1a0fda6910a0', '1a81d37c-075f-4dfa-a648-4d71ff4cc1ae', 6),
  ('406f7f47-d0ab-445d-8b49-9fb43cfe469e', '1a940d20-d7af-48bb-8906-1a0fda6910a0', '6db4ae5b-5036-4146-a67c-24982ea8785d', 7),
  ('f4ac06a4-fbfe-4c06-8b7a-1ad2b28610b9', '1a940d20-d7af-48bb-8906-1a0fda6910a0', '1ae90e2e-57ce-4256-b6c3-8b83939abc85', 8),
  ('3380c0fd-8350-4653-bc71-ce0e8d48265c', '1a940d20-d7af-48bb-8906-1a0fda6910a0', '144f5666-421b-4999-a953-bbefd08a630e', 9),
  ('975e8ac8-a6f9-40a5-b727-a9d8f13f9102', 'fa7ba999-f2a2-42e4-ab68-b31871dc3c7c', '1e2bf753-f174-4323-8af8-06a18a13db55', 1),
  ('102b2a62-6ef3-4700-bcf4-c1145ed36843', 'fa7ba999-f2a2-42e4-ab68-b31871dc3c7c', '0f2dafaf-180c-4425-90a7-8f3fa7a6e0dc', 2),
  ('99287aad-d66c-442d-a3c0-4425b98954e1', 'fa7ba999-f2a2-42e4-ab68-b31871dc3c7c', '1dc88420-b172-42e4-9938-403f6a011034', 3),
  ('118f8b84-9572-4e43-bf38-5c9223251710', 'fa7ba999-f2a2-42e4-ab68-b31871dc3c7c', '913621a1-c712-49e7-a412-174e5547f908', 4),
  ('c61cf8bc-a780-4dbf-9081-cece871f1c70', 'fa7ba999-f2a2-42e4-ab68-b31871dc3c7c', '8f2e7036-a9b3-466d-9cbc-d5d25b8b7b97', 5),
  ('1a5b164b-babe-44b4-ae9c-1333355c1602', 'fa7ba999-f2a2-42e4-ab68-b31871dc3c7c', '1a81d37c-075f-4dfa-a648-4d71ff4cc1ae', 6),
  ('fbd6a1fb-f8be-4283-bfff-b3e7c118f740', 'fa7ba999-f2a2-42e4-ab68-b31871dc3c7c', '6db4ae5b-5036-4146-a67c-24982ea8785d', 7),
  ('f1a27369-336d-49dc-a90f-7bd27282eeaf', 'fa7ba999-f2a2-42e4-ab68-b31871dc3c7c', '1ae90e2e-57ce-4256-b6c3-8b83939abc85', 8),
  ('dca29561-a276-445b-abb1-d0cc595978e9', 'fa7ba999-f2a2-42e4-ab68-b31871dc3c7c', '144f5666-421b-4999-a953-bbefd08a630e', 9),
  ('e6e6b369-3744-44cc-a46d-91acc4dcde8b', '0b71832d-cbd1-4003-af23-f12305bb5239', '144f5666-421b-4999-a953-bbefd08a630e', 1),
  ('3c906c22-9d03-4ea7-8e73-1ff6c55693ff', '0b71832d-cbd1-4003-af23-f12305bb5239', '1ae90e2e-57ce-4256-b6c3-8b83939abc85', 2),
  ('b765330e-05b7-43b3-8369-9c13a9986748', '0b71832d-cbd1-4003-af23-f12305bb5239', '6db4ae5b-5036-4146-a67c-24982ea8785d', 3),
  ('92b86176-b496-4dce-9f2a-84b9cadfea36', '0b71832d-cbd1-4003-af23-f12305bb5239', '1a81d37c-075f-4dfa-a648-4d71ff4cc1ae', 4),
  ('6db949e5-b097-4daf-ac5b-6e6c949ac615', '0b71832d-cbd1-4003-af23-f12305bb5239', '8f2e7036-a9b3-466d-9cbc-d5d25b8b7b97', 5),
  ('7214430d-471b-4603-98ed-368ce7068164', '0b71832d-cbd1-4003-af23-f12305bb5239', '913621a1-c712-49e7-a412-174e5547f908', 6),
  ('b581c983-4079-402d-bf68-a2e518cb8799', '0b71832d-cbd1-4003-af23-f12305bb5239', '1dc88420-b172-42e4-9938-403f6a011034', 7),
  ('54096468-5417-4dd2-bd49-a9a233017cd5', '0b71832d-cbd1-4003-af23-f12305bb5239', '0f2dafaf-180c-4425-90a7-8f3fa7a6e0dc', 8),
  ('af835fc2-9d92-48bf-8ccf-fb560e31eb67', '0b71832d-cbd1-4003-af23-f12305bb5239', '1e2bf753-f174-4323-8af8-06a18a13db55', 9),
  ('6732ba6c-1fa4-49bb-bedd-9d86b640d6ed', '5194b831-eb12-4d7b-a02e-a2b61a2605c4', '144f5666-421b-4999-a953-bbefd08a630e', 1),
  ('330b6880-00f8-4c0a-b097-ccbd6c0a9c11', '5194b831-eb12-4d7b-a02e-a2b61a2605c4', '1ae90e2e-57ce-4256-b6c3-8b83939abc85', 2),
  ('1e496aad-5508-42f5-bf87-c8f75b86744f', '5194b831-eb12-4d7b-a02e-a2b61a2605c4', '6db4ae5b-5036-4146-a67c-24982ea8785d', 3),
  ('e927e0ff-74a0-4b82-a1f0-93670915236a', '5194b831-eb12-4d7b-a02e-a2b61a2605c4', '1a81d37c-075f-4dfa-a648-4d71ff4cc1ae', 4),
  ('9bd59651-e5cf-4f78-b4f4-4399f69fd2fb', '5194b831-eb12-4d7b-a02e-a2b61a2605c4', '8f2e7036-a9b3-466d-9cbc-d5d25b8b7b97', 5),
  ('f1b3e542-274b-465c-8d6a-3ff2806bee6d', '5194b831-eb12-4d7b-a02e-a2b61a2605c4', '913621a1-c712-49e7-a412-174e5547f908', 6),
  ('977919bd-3b2e-45f3-87aa-d22eb30c649d', '5194b831-eb12-4d7b-a02e-a2b61a2605c4', '1dc88420-b172-42e4-9938-403f6a011034', 7),
  ('fcc77d66-5ce6-441c-bd63-6f73eb3bd37c', '5194b831-eb12-4d7b-a02e-a2b61a2605c4', '0f2dafaf-180c-4425-90a7-8f3fa7a6e0dc', 8),
  ('ec4fe8a2-8d12-46bc-aa2e-79450fd0775c', '5194b831-eb12-4d7b-a02e-a2b61a2605c4', '1e2bf753-f174-4323-8af8-06a18a13db55', 9),
  ('8a90a98c-8931-4049-bbbf-fd64f894a44c', '428fb0a3-4db6-494f-8054-22552cdaedb1', '1e2bf753-f174-4323-8af8-06a18a13db55', 1),
  ('d3a42540-0398-477a-9392-14f17c65d44e', '428fb0a3-4db6-494f-8054-22552cdaedb1', '913621a1-c712-49e7-a412-174e5547f908', 2),
  ('97289409-e397-4fa7-a6fa-d649d96aa597', '428fb0a3-4db6-494f-8054-22552cdaedb1', '8f2e7036-a9b3-466d-9cbc-d5d25b8b7b97', 3),
  ('22c462f2-be28-44e7-95e6-94084e26ca96', '428fb0a3-4db6-494f-8054-22552cdaedb1', '1a81d37c-075f-4dfa-a648-4d71ff4cc1ae', 4),
  ('f4b41f2c-fd36-4bed-a58e-2cfeb329a790', '428fb0a3-4db6-494f-8054-22552cdaedb1', '1ae90e2e-57ce-4256-b6c3-8b83939abc85', 5),
  ('ab22d64e-8426-4b76-9c5f-1de447da9735', '428fb0a3-4db6-494f-8054-22552cdaedb1', '144f5666-421b-4999-a953-bbefd08a630e', 6),
  ('7f448f13-f73a-4fc6-93d0-26b7b4c8ecac', 'ce4053b6-bdce-4e31-aa39-32cf9d17610a', '144f5666-421b-4999-a953-bbefd08a630e', 1),
  ('8d80b763-73d6-40ee-97f4-e90646b51c89', 'ce4053b6-bdce-4e31-aa39-32cf9d17610a', '1ae90e2e-57ce-4256-b6c3-8b83939abc85', 2),
  ('93c5e6af-38e0-4c1e-bdc6-552ae6e5d986', 'ce4053b6-bdce-4e31-aa39-32cf9d17610a', '1a81d37c-075f-4dfa-a648-4d71ff4cc1ae', 3),
  ('7fcd3eee-40ae-4b39-98fb-9caa29e32089', 'ce4053b6-bdce-4e31-aa39-32cf9d17610a', '8f2e7036-a9b3-466d-9cbc-d5d25b8b7b97', 4),
  ('70582656-6b5c-4733-835d-72cc84e4eab4', 'ce4053b6-bdce-4e31-aa39-32cf9d17610a', '913621a1-c712-49e7-a412-174e5547f908', 5),
  ('2b8ece97-4303-4c4b-a1aa-6eb7b4792eaf', 'ce4053b6-bdce-4e31-aa39-32cf9d17610a', '1e2bf753-f174-4323-8af8-06a18a13db55', 6),
  ('7eb5f5ea-d1e0-4e7d-a2ba-ca1bdb903dea', 'b585b256-979c-425a-adae-e74904e092d9', '1e2bf753-f174-4323-8af8-06a18a13db55', 1),
  ('93ab1bbb-fdeb-436e-9d1c-e575121da3de', 'b585b256-979c-425a-adae-e74904e092d9', '144f5666-421b-4999-a953-bbefd08a630e', 2),
  ('f40bce01-698b-4f6f-b5e5-a4e2b0fc70fe', 'ec8a727b-348c-4361-9f4f-f3bc35c4f9e2', '144f5666-421b-4999-a953-bbefd08a630e', 1),
  ('32471251-9e5f-4fa5-9001-e79e3a9a9e32', 'ec8a727b-348c-4361-9f4f-f3bc35c4f9e2', '1e2bf753-f174-4323-8af8-06a18a13db55', 2),
  ('80ef6ef8-d395-474b-9487-85cc9ac408a0', '9ecebe33-537d-4cac-80ca-a2fc252fccf6', '1e2bf753-f174-4323-8af8-06a18a13db55', 1),
  ('101b3e40-deaf-44d7-af81-a65465230e58', '9ecebe33-537d-4cac-80ca-a2fc252fccf6', '9bd96254-41bd-4486-8627-a6544ee4a187', 2),
  ('66ec3c50-5b40-48a7-8ccf-55d6f53fd39f', '9ecebe33-537d-4cac-80ca-a2fc252fccf6', '189a31ed-9747-4eab-86b7-9cdeb3bde19e', 3),
  ('5b029822-02d3-4c1f-8f7b-44066b34813e', '9ecebe33-537d-4cac-80ca-a2fc252fccf6', '5bc7d7a0-514d-4457-9992-d9e0db3380e4', 4),
  ('f55061d3-8ee3-4b4c-ac74-a2d933966344', '9ecebe33-537d-4cac-80ca-a2fc252fccf6', '1201aacf-6a7c-4a7b-aecd-0091a42c5447', 5),
  ('3c5d77a3-2306-48cc-b6c4-c63f4845461d', '9ecebe33-537d-4cac-80ca-a2fc252fccf6', '7d6bb26e-9127-4ea8-9870-563154ed8657', 6),
  ('49927849-dd7c-4146-8c78-cd25f071614d', '9ecebe33-537d-4cac-80ca-a2fc252fccf6', '2811c1e2-bdaa-465b-a35e-eb85f2d03bdd', 7),
  ('fb36d501-9ae4-4fb7-8509-302ae107846e', '9ecebe33-537d-4cac-80ca-a2fc252fccf6', '99a8efb0-c8a9-44b4-9442-4101394fedf7', 8),
  ('46dc8e51-e964-40e0-918e-bdfbc11d5821', '9ecebe33-537d-4cac-80ca-a2fc252fccf6', '144f5666-421b-4999-a953-bbefd08a630e', 9),
  ('03b4b47a-1e80-4269-8ca5-64659e33bafb', '5939b650-d862-45c5-bfec-7028a640f34e', '1e2bf753-f174-4323-8af8-06a18a13db55', 1),
  ('9fb31f14-4b7e-48cf-b419-24a6473aeb7d', '5939b650-d862-45c5-bfec-7028a640f34e', '9bd96254-41bd-4486-8627-a6544ee4a187', 2),
  ('961be51b-6046-40c5-87bc-4cce93c4013e', '5939b650-d862-45c5-bfec-7028a640f34e', '189a31ed-9747-4eab-86b7-9cdeb3bde19e', 3),
  ('6fc31e15-fd77-452f-94fd-5f736f6769e5', '5939b650-d862-45c5-bfec-7028a640f34e', '5bc7d7a0-514d-4457-9992-d9e0db3380e4', 4),
  ('56f3a024-4e6c-4f34-a105-ed3c428935c3', '5939b650-d862-45c5-bfec-7028a640f34e', '1201aacf-6a7c-4a7b-aecd-0091a42c5447', 5),
  ('fe41d343-0d57-4d97-9c00-e8f1467f3b21', '5939b650-d862-45c5-bfec-7028a640f34e', '7d6bb26e-9127-4ea8-9870-563154ed8657', 6),
  ('5c136516-0da0-4d33-b3e2-8ce4c33e7f4a', '5939b650-d862-45c5-bfec-7028a640f34e', '2811c1e2-bdaa-465b-a35e-eb85f2d03bdd', 7),
  ('9763c8ee-8c0b-4845-97ec-749dc378b17d', '5939b650-d862-45c5-bfec-7028a640f34e', '99a8efb0-c8a9-44b4-9442-4101394fedf7', 8),
  ('174bca65-741b-4353-8e6c-dfdfeb3ce0b5', '5939b650-d862-45c5-bfec-7028a640f34e', '144f5666-421b-4999-a953-bbefd08a630e', 9),
  ('267cf974-78e4-41fe-b237-781e2ef92f21', 'a40c1012-6ab5-4ee8-9dfd-3a036deb2135', '144f5666-421b-4999-a953-bbefd08a630e', 1),
  ('b56babca-b8c6-4f7c-ba29-fea24cc179c2', 'a40c1012-6ab5-4ee8-9dfd-3a036deb2135', '7017b3ef-4eb1-4ac0-b78a-5fac672af699', 2),
  ('0440a106-757a-43a8-af78-873663b5de38', 'a40c1012-6ab5-4ee8-9dfd-3a036deb2135', '2811c1e2-bdaa-465b-a35e-eb85f2d03bdd', 3),
  ('91a604fe-7922-40e5-b09c-748658864e45', 'a40c1012-6ab5-4ee8-9dfd-3a036deb2135', '7d6bb26e-9127-4ea8-9870-563154ed8657', 4),
  ('d36ec203-140f-41e4-afbc-d18cc4e6cf9a', 'a40c1012-6ab5-4ee8-9dfd-3a036deb2135', '1201aacf-6a7c-4a7b-aecd-0091a42c5447', 5),
  ('cf220325-1cba-442e-abb8-ac3c4926a159', 'a40c1012-6ab5-4ee8-9dfd-3a036deb2135', 'cbb1104c-3fd0-4248-8640-8126b605f3d8', 6),
  ('b5bd9cbd-a61e-4b95-8fe0-f2bdc28353b4', 'a40c1012-6ab5-4ee8-9dfd-3a036deb2135', '189a31ed-9747-4eab-86b7-9cdeb3bde19e', 7),
  ('55acc0d5-9a00-4ae7-9bce-d2290e062b37', 'a40c1012-6ab5-4ee8-9dfd-3a036deb2135', '9bd96254-41bd-4486-8627-a6544ee4a187', 8),
  ('7164bc27-345f-4708-bdcc-beb36c8e21b0', 'a40c1012-6ab5-4ee8-9dfd-3a036deb2135', '1e2bf753-f174-4323-8af8-06a18a13db55', 9),
  ('fcf8fb60-2945-4784-9f9d-db5f35e33e29', '3504c685-e7bf-4079-8dc3-a9bfc974729c', '144f5666-421b-4999-a953-bbefd08a630e', 1),
  ('b666916c-bbf2-4cef-bccb-1767d6d18b81', '3504c685-e7bf-4079-8dc3-a9bfc974729c', '7017b3ef-4eb1-4ac0-b78a-5fac672af699', 2),
  ('a54c4d45-90e4-47aa-8255-3377a2f3a55a', '3504c685-e7bf-4079-8dc3-a9bfc974729c', '2811c1e2-bdaa-465b-a35e-eb85f2d03bdd', 3),
  ('361f17f4-c38b-4247-bdde-681f396573de', '3504c685-e7bf-4079-8dc3-a9bfc974729c', '7d6bb26e-9127-4ea8-9870-563154ed8657', 4),
  ('a9b1ed8f-3b29-4d5d-b210-902ece125e89', '3504c685-e7bf-4079-8dc3-a9bfc974729c', '1201aacf-6a7c-4a7b-aecd-0091a42c5447', 5),
  ('5398e69c-f211-48d0-8269-b951907a395b', '3504c685-e7bf-4079-8dc3-a9bfc974729c', 'cbb1104c-3fd0-4248-8640-8126b605f3d8', 6),
  ('263b4cc8-e084-440d-b67b-2c9e41e8b48d', '3504c685-e7bf-4079-8dc3-a9bfc974729c', '189a31ed-9747-4eab-86b7-9cdeb3bde19e', 7),
  ('f972a958-624f-4e99-923d-cdb9435b4341', '3504c685-e7bf-4079-8dc3-a9bfc974729c', '9bd96254-41bd-4486-8627-a6544ee4a187', 8),
  ('92adab63-d14e-407d-8e51-8b6216408a1f', '3504c685-e7bf-4079-8dc3-a9bfc974729c', '1e2bf753-f174-4323-8af8-06a18a13db55', 9),
  ('52aaf741-84be-4585-8b2b-bfd09e39b066', 'fa07d4d3-7139-4293-a94a-a7f93bf45c2b', 'c2a5926f-7db4-4c57-b20a-97b24c7265df', 1),
  ('1265a769-469c-4695-bc1f-42f5810d8cd7', 'fa07d4d3-7139-4293-a94a-a7f93bf45c2b', '7573c7bb-19f0-40f9-a2e0-2e72b8e7f1ec', 2),
  ('c645974b-e93a-4038-bf29-15349637b7f8', 'fa07d4d3-7139-4293-a94a-a7f93bf45c2b', 'f0838a9f-6e8d-49ff-b0bd-ad64c5dd64be', 3),
  ('60a6ab91-5865-4d8e-9770-5e963bbeb2d5', 'fa07d4d3-7139-4293-a94a-a7f93bf45c2b', '70f28153-89e1-4982-a646-76468808b692', 4),
  ('d185204c-c784-40cf-b783-9426a29aac8f', 'fa07d4d3-7139-4293-a94a-a7f93bf45c2b', '400624dd-330e-4056-9269-c3e19018b810', 5),
  ('d935e1b3-9553-4617-b0d0-41c774e6fc6f', 'fa07d4d3-7139-4293-a94a-a7f93bf45c2b', 'c7d5e053-46fc-45c8-ac2a-7456725609f0', 6),
  ('bdeeb3f3-80d3-4375-95dd-5ec72483855c', 'fa07d4d3-7139-4293-a94a-a7f93bf45c2b', 'cd530fcb-a14e-467f-83fb-2f0f1fabf193', 7),
  ('29d0957d-e1be-4583-acaa-1d6866444d46', 'fa07d4d3-7139-4293-a94a-a7f93bf45c2b', '144f5666-421b-4999-a953-bbefd08a630e', 8),
  ('5f9b07fe-86e2-4db6-98dc-3197cebcccec', '1ccdb79b-9cae-4cc4-93f1-35a80cb03cc1', 'c2a5926f-7db4-4c57-b20a-97b24c7265df', 1),
  ('1246e63b-6a86-4dff-a4f2-193320636c48', '1ccdb79b-9cae-4cc4-93f1-35a80cb03cc1', '7573c7bb-19f0-40f9-a2e0-2e72b8e7f1ec', 2),
  ('ae0a6bff-10fe-4240-9568-223b507e365c', '1ccdb79b-9cae-4cc4-93f1-35a80cb03cc1', 'f0838a9f-6e8d-49ff-b0bd-ad64c5dd64be', 3),
  ('b62e2378-5580-45d0-8a52-ab1f4c52566d', '1ccdb79b-9cae-4cc4-93f1-35a80cb03cc1', '70f28153-89e1-4982-a646-76468808b692', 4),
  ('b1725e2d-16ed-448b-a78c-6a120167a4c9', '1ccdb79b-9cae-4cc4-93f1-35a80cb03cc1', '400624dd-330e-4056-9269-c3e19018b810', 5),
  ('3d96cba5-2b2f-44e2-bd24-8c4c07f66bce', '1ccdb79b-9cae-4cc4-93f1-35a80cb03cc1', 'c7d5e053-46fc-45c8-ac2a-7456725609f0', 6),
  ('05d7350d-5407-487e-b308-b377754ce1ec', '1ccdb79b-9cae-4cc4-93f1-35a80cb03cc1', 'cd530fcb-a14e-467f-83fb-2f0f1fabf193', 7),
  ('1e2df9f0-52d5-41f3-98c3-76e2f60b341b', '1ccdb79b-9cae-4cc4-93f1-35a80cb03cc1', '144f5666-421b-4999-a953-bbefd08a630e', 8),
  ('26bf9571-b27b-47c5-b20d-fdcf7ff9cb42', '347d6721-8335-4c49-88a3-d3934d95913c', 'c2a5926f-7db4-4c57-b20a-97b24c7265df', 1),
  ('c2b93ff8-f808-4803-b740-c92489e2b98d', '347d6721-8335-4c49-88a3-d3934d95913c', '7573c7bb-19f0-40f9-a2e0-2e72b8e7f1ec', 2),
  ('f094c805-cf3b-4a1e-922a-5a4152100c92', '347d6721-8335-4c49-88a3-d3934d95913c', 'f0838a9f-6e8d-49ff-b0bd-ad64c5dd64be', 3),
  ('cdf24e3d-2fc6-403c-9eaf-0a4d1ce3b4f9', '347d6721-8335-4c49-88a3-d3934d95913c', '70f28153-89e1-4982-a646-76468808b692', 4),
  ('6dcf9a34-3060-43e8-a983-624b32cd7952', '347d6721-8335-4c49-88a3-d3934d95913c', '400624dd-330e-4056-9269-c3e19018b810', 5),
  ('c2ec2558-5699-422d-8445-d819f3a96d2d', '347d6721-8335-4c49-88a3-d3934d95913c', 'c7d5e053-46fc-45c8-ac2a-7456725609f0', 6),
  ('b3f6cb2c-9099-467d-9a80-3dfde83b90c6', '347d6721-8335-4c49-88a3-d3934d95913c', 'cd530fcb-a14e-467f-83fb-2f0f1fabf193', 7),
  ('d5342e1f-7673-4830-8f19-e0da9df94c37', '347d6721-8335-4c49-88a3-d3934d95913c', '144f5666-421b-4999-a953-bbefd08a630e', 8),
  ('70f41dd5-a0d0-4605-b989-e2a5c68f69a5', '60a99095-4bfa-4280-86e6-84f697f06f32', 'c2a5926f-7db4-4c57-b20a-97b24c7265df', 1),
  ('f7687c7a-bee2-47ff-98ec-37644f36ed68', '60a99095-4bfa-4280-86e6-84f697f06f32', '7573c7bb-19f0-40f9-a2e0-2e72b8e7f1ec', 2),
  ('4815116e-5a73-4dd0-9e45-d7b3abbfb1cf', '60a99095-4bfa-4280-86e6-84f697f06f32', 'f0838a9f-6e8d-49ff-b0bd-ad64c5dd64be', 3),
  ('9629346c-bae9-4ee8-899c-c3fe206ce5b8', '60a99095-4bfa-4280-86e6-84f697f06f32', '70f28153-89e1-4982-a646-76468808b692', 4),
  ('a22d11b1-e221-4775-8fb7-ed891ec11113', '60a99095-4bfa-4280-86e6-84f697f06f32', '400624dd-330e-4056-9269-c3e19018b810', 5),
  ('bbab05c7-aba7-47e5-8836-643849ec6dbe', '60a99095-4bfa-4280-86e6-84f697f06f32', 'c7d5e053-46fc-45c8-ac2a-7456725609f0', 6),
  ('19b0c834-b6a7-478c-b10b-cc649a8612d9', '60a99095-4bfa-4280-86e6-84f697f06f32', 'cd530fcb-a14e-467f-83fb-2f0f1fabf193', 7),
  ('f42bbbd9-f8af-4b7e-9e99-4685a51040ef', '60a99095-4bfa-4280-86e6-84f697f06f32', '144f5666-421b-4999-a953-bbefd08a630e', 8),
  ('99e368f5-0979-4b14-90b5-57d634adb9a2', '83b7cd0e-dfdb-4aef-901d-56eb65237179', 'c2a5926f-7db4-4c57-b20a-97b24c7265df', 1),
  ('7921287f-04b5-4022-b660-16d36da7f4e5', '83b7cd0e-dfdb-4aef-901d-56eb65237179', '7573c7bb-19f0-40f9-a2e0-2e72b8e7f1ec', 2),
  ('cbd2f6ce-db2e-4f53-a25f-6bd59acd0352', '83b7cd0e-dfdb-4aef-901d-56eb65237179', 'f0838a9f-6e8d-49ff-b0bd-ad64c5dd64be', 3),
  ('29b5e9ee-9aea-4ca1-8954-a25e6c07bd4c', '83b7cd0e-dfdb-4aef-901d-56eb65237179', '70f28153-89e1-4982-a646-76468808b692', 4),
  ('b5b9625f-fbf4-43a2-8f17-8533c9a17343', '83b7cd0e-dfdb-4aef-901d-56eb65237179', '400624dd-330e-4056-9269-c3e19018b810', 5),
  ('71c1b8ed-808f-4222-ba3c-0321cb14f514', '83b7cd0e-dfdb-4aef-901d-56eb65237179', 'c7d5e053-46fc-45c8-ac2a-7456725609f0', 6),
  ('3bd48a4e-0ef8-43ec-948e-1c6c948cb45b', '83b7cd0e-dfdb-4aef-901d-56eb65237179', 'cd530fcb-a14e-467f-83fb-2f0f1fabf193', 7),
  ('4f675c93-c002-424a-b4bb-1c5e4b587d6f', '83b7cd0e-dfdb-4aef-901d-56eb65237179', '144f5666-421b-4999-a953-bbefd08a630e', 8),
  ('598283b4-a949-464c-a24e-89017c73c3d8', '7775503a-b395-4ce8-b92d-d44c88172a7c', 'c2a5926f-7db4-4c57-b20a-97b24c7265df', 1),
  ('66d02997-bdec-4126-ab86-98f08a47edcb', '7775503a-b395-4ce8-b92d-d44c88172a7c', '7573c7bb-19f0-40f9-a2e0-2e72b8e7f1ec', 2),
  ('a8b1e4c5-aeb7-4881-929e-c9ad307fe03d', '7775503a-b395-4ce8-b92d-d44c88172a7c', 'f0838a9f-6e8d-49ff-b0bd-ad64c5dd64be', 3),
  ('f94a432e-82c5-44dd-bc69-cf52aad13ffe', '7775503a-b395-4ce8-b92d-d44c88172a7c', '70f28153-89e1-4982-a646-76468808b692', 4),
  ('1e931674-f550-4c09-83b3-baee3e948ead', '7775503a-b395-4ce8-b92d-d44c88172a7c', '400624dd-330e-4056-9269-c3e19018b810', 5),
  ('5dc428a4-c109-4931-a94a-3035db6abf64', '7775503a-b395-4ce8-b92d-d44c88172a7c', 'c7d5e053-46fc-45c8-ac2a-7456725609f0', 6),
  ('85286128-5e84-404d-86a2-98ca014d8077', '7775503a-b395-4ce8-b92d-d44c88172a7c', 'cd530fcb-a14e-467f-83fb-2f0f1fabf193', 7),
  ('0f5675a6-43a6-48e9-8a3c-5396cf747c7c', '7775503a-b395-4ce8-b92d-d44c88172a7c', '144f5666-421b-4999-a953-bbefd08a630e', 8),
  ('3f82f060-705e-4345-b729-1ef272eeeba6', 'f9cd7340-48fb-4c0c-8c2f-218f1a78c5a9', '144f5666-421b-4999-a953-bbefd08a630e', 1),
  ('431fad77-6e4b-4651-bd8f-5f507082ff78', 'f9cd7340-48fb-4c0c-8c2f-218f1a78c5a9', 'cd530fcb-a14e-467f-83fb-2f0f1fabf193', 2),
  ('cf3a77b9-80fd-446e-8d2f-fba174ea893c', 'f9cd7340-48fb-4c0c-8c2f-218f1a78c5a9', 'c7d5e053-46fc-45c8-ac2a-7456725609f0', 3),
  ('0bc37c82-94ef-47a7-b1e5-d8809662c8d3', 'f9cd7340-48fb-4c0c-8c2f-218f1a78c5a9', '70f28153-89e1-4982-a646-76468808b692', 4),
  ('d9c3947b-61f9-4ac8-88f5-37f2851c9cdd', 'f9cd7340-48fb-4c0c-8c2f-218f1a78c5a9', '400624dd-330e-4056-9269-c3e19018b810', 5),
  ('1aa058da-15e6-4e41-9672-7d7829c4e72b', 'f9cd7340-48fb-4c0c-8c2f-218f1a78c5a9', 'f0838a9f-6e8d-49ff-b0bd-ad64c5dd64be', 6),
  ('d7dbef74-a793-4e50-89e6-28e723a802d3', 'f9cd7340-48fb-4c0c-8c2f-218f1a78c5a9', '7573c7bb-19f0-40f9-a2e0-2e72b8e7f1ec', 7),
  ('224836bb-4a1e-4ec6-8749-3702193b4a59', 'f9cd7340-48fb-4c0c-8c2f-218f1a78c5a9', 'c2a5926f-7db4-4c57-b20a-97b24c7265df', 8),
  ('79c11d6d-37c6-46e3-83ab-7585287c2763', '1b34716f-80bf-4d00-8546-683de85db79e', '144f5666-421b-4999-a953-bbefd08a630e', 1),
  ('6bff457b-c21d-4fe1-9605-56361f0db03b', '1b34716f-80bf-4d00-8546-683de85db79e', 'cd530fcb-a14e-467f-83fb-2f0f1fabf193', 2),
  ('a9015096-6c1d-41dc-924c-78ff8e8d1f44', '1b34716f-80bf-4d00-8546-683de85db79e', 'c7d5e053-46fc-45c8-ac2a-7456725609f0', 3),
  ('8bd26183-b291-4500-bda1-e09250e992e7', '1b34716f-80bf-4d00-8546-683de85db79e', '70f28153-89e1-4982-a646-76468808b692', 4),
  ('3d259325-d24c-4195-b67e-a2af3a7067fd', '1b34716f-80bf-4d00-8546-683de85db79e', '400624dd-330e-4056-9269-c3e19018b810', 5),
  ('757af696-68c0-4a34-9dd7-949641d51e34', '1b34716f-80bf-4d00-8546-683de85db79e', 'f0838a9f-6e8d-49ff-b0bd-ad64c5dd64be', 6),
  ('4971834d-1746-4644-924f-815b934b7b9e', '1b34716f-80bf-4d00-8546-683de85db79e', '7573c7bb-19f0-40f9-a2e0-2e72b8e7f1ec', 7),
  ('07cb4c66-51f1-4349-b6ed-74b5cad559d5', '1b34716f-80bf-4d00-8546-683de85db79e', 'c2a5926f-7db4-4c57-b20a-97b24c7265df', 8),
  ('160c3e8d-e918-42c5-8e77-d7c24040f7e7', 'b7cc59ea-caa6-4b5b-a449-4b6654d3da79', '144f5666-421b-4999-a953-bbefd08a630e', 1),
  ('ecbcd550-6427-4d73-aaf8-2933b550cee6', 'b7cc59ea-caa6-4b5b-a449-4b6654d3da79', 'cd530fcb-a14e-467f-83fb-2f0f1fabf193', 2),
  ('8ebac5d8-a0f2-41da-a77b-6e0414525d90', 'b7cc59ea-caa6-4b5b-a449-4b6654d3da79', 'c7d5e053-46fc-45c8-ac2a-7456725609f0', 3),
  ('7979b673-cc5a-4857-82e3-82091991de59', 'b7cc59ea-caa6-4b5b-a449-4b6654d3da79', '70f28153-89e1-4982-a646-76468808b692', 4),
  ('b8078d6f-a21e-4bc7-8194-744600785710', 'b7cc59ea-caa6-4b5b-a449-4b6654d3da79', '400624dd-330e-4056-9269-c3e19018b810', 5),
  ('6220feaf-9f02-4bf4-951a-11cefaa81b11', 'b7cc59ea-caa6-4b5b-a449-4b6654d3da79', 'f0838a9f-6e8d-49ff-b0bd-ad64c5dd64be', 6),
  ('c8924a3f-807b-4a52-a181-37b623138e97', 'b7cc59ea-caa6-4b5b-a449-4b6654d3da79', '7573c7bb-19f0-40f9-a2e0-2e72b8e7f1ec', 7),
  ('f1ff01ea-9b17-4c75-b36c-e214922a7019', 'b7cc59ea-caa6-4b5b-a449-4b6654d3da79', 'c2a5926f-7db4-4c57-b20a-97b24c7265df', 8),
  ('11a594ad-9a5a-4e34-81c3-d6b9e6b05e30', '1de0edf3-2aab-47bf-bb60-ecee67257a4d', '144f5666-421b-4999-a953-bbefd08a630e', 1),
  ('a7638d35-d72d-4318-9448-e3a114ccf7d6', '1de0edf3-2aab-47bf-bb60-ecee67257a4d', 'cd530fcb-a14e-467f-83fb-2f0f1fabf193', 2),
  ('d93774b9-6afc-4d6c-b26a-d85d2cec68aa', '1de0edf3-2aab-47bf-bb60-ecee67257a4d', 'c7d5e053-46fc-45c8-ac2a-7456725609f0', 3),
  ('d956761e-3c70-4c6e-986b-0df8a9ebe664', '1de0edf3-2aab-47bf-bb60-ecee67257a4d', '70f28153-89e1-4982-a646-76468808b692', 4),
  ('a37a691a-6bbe-40e2-a121-987e0b6b88ff', '1de0edf3-2aab-47bf-bb60-ecee67257a4d', '400624dd-330e-4056-9269-c3e19018b810', 5),
  ('e4c2222b-5422-43e0-a9c2-1f5f632431ea', '1de0edf3-2aab-47bf-bb60-ecee67257a4d', 'f0838a9f-6e8d-49ff-b0bd-ad64c5dd64be', 6),
  ('d0113958-de74-4679-9c35-cf479f42ed9b', '1de0edf3-2aab-47bf-bb60-ecee67257a4d', '7573c7bb-19f0-40f9-a2e0-2e72b8e7f1ec', 7),
  ('0a767518-68ff-4b89-b439-4e9fa0d6c217', '1de0edf3-2aab-47bf-bb60-ecee67257a4d', 'c2a5926f-7db4-4c57-b20a-97b24c7265df', 8),
  ('9d60d26b-4224-4e70-b8be-e4b11c3f2373', 'bda82411-ca96-4303-a1f4-8044872563e1', '144f5666-421b-4999-a953-bbefd08a630e', 1),
  ('201d0f33-0ba8-4c2b-9103-6e840719a306', 'bda82411-ca96-4303-a1f4-8044872563e1', 'cd530fcb-a14e-467f-83fb-2f0f1fabf193', 2),
  ('f37444b6-18a4-4e17-bf9e-1fae8871bc6a', 'bda82411-ca96-4303-a1f4-8044872563e1', 'c7d5e053-46fc-45c8-ac2a-7456725609f0', 3),
  ('730a2f1c-7442-4f93-b609-f9dd769492ac', 'bda82411-ca96-4303-a1f4-8044872563e1', '70f28153-89e1-4982-a646-76468808b692', 4),
  ('20f6de61-0082-4208-9fe4-5a6c08ce03e6', 'bda82411-ca96-4303-a1f4-8044872563e1', '400624dd-330e-4056-9269-c3e19018b810', 5),
  ('7d552dfd-01bd-4323-b76d-127fc95a081d', 'bda82411-ca96-4303-a1f4-8044872563e1', 'f0838a9f-6e8d-49ff-b0bd-ad64c5dd64be', 6),
  ('5e799fa9-03f5-4744-ba77-f646740a7aa4', 'bda82411-ca96-4303-a1f4-8044872563e1', '7573c7bb-19f0-40f9-a2e0-2e72b8e7f1ec', 7),
  ('ba2b09dd-35b6-4ff6-b758-225e7fbd31af', 'bda82411-ca96-4303-a1f4-8044872563e1', 'c2a5926f-7db4-4c57-b20a-97b24c7265df', 8),
  ('20875cee-47b6-46f8-bdab-f8eddf7b49a9', '495ebb26-8548-4996-b737-a5155093c8e3', '144f5666-421b-4999-a953-bbefd08a630e', 1),
  ('b31b6f35-4504-4f4f-b7cf-62b45dbfb0a5', '495ebb26-8548-4996-b737-a5155093c8e3', 'cd530fcb-a14e-467f-83fb-2f0f1fabf193', 2),
  ('e61d04d6-fb7b-486b-9a59-091ab3fcdda6', '495ebb26-8548-4996-b737-a5155093c8e3', 'c7d5e053-46fc-45c8-ac2a-7456725609f0', 3),
  ('ef7fb230-de25-41fd-b75a-aff8f6bdbc84', '495ebb26-8548-4996-b737-a5155093c8e3', '70f28153-89e1-4982-a646-76468808b692', 4),
  ('56eea93f-4777-4fe2-abb0-650e513ec1d7', '495ebb26-8548-4996-b737-a5155093c8e3', '400624dd-330e-4056-9269-c3e19018b810', 5),
  ('4610d25f-bf07-4e8f-bf15-eb7107522b1c', '495ebb26-8548-4996-b737-a5155093c8e3', 'f0838a9f-6e8d-49ff-b0bd-ad64c5dd64be', 6),
  ('9897b5d5-98f3-4523-a209-00c57f562d67', '495ebb26-8548-4996-b737-a5155093c8e3', '7573c7bb-19f0-40f9-a2e0-2e72b8e7f1ec', 7),
  ('2c138eeb-2e32-44bc-aa00-1d5edcc838d8', '495ebb26-8548-4996-b737-a5155093c8e3', 'c2a5926f-7db4-4c57-b20a-97b24c7265df', 8),
  ('f9a8fa8b-a001-4cd0-85d6-a080a42b9d4e', 'a86da758-4e94-4553-95f4-1b5581194b1a', 'dd0f3545-9c95-4406-8a25-6e022269be33', 1),
  ('f2d0a007-c6ee-45ea-ad9b-9716acb7b9ef', 'a86da758-4e94-4553-95f4-1b5581194b1a', '7f37c53c-4cc9-4d75-9c67-86afaa31034c', 2),
  ('9486af7d-8d7c-4d88-b7cc-b0d65882411e', 'a86da758-4e94-4553-95f4-1b5581194b1a', '70f28153-89e1-4982-a646-76468808b692', 3),
  ('1225627f-f8f5-46bf-94ef-cf3a9cd464d6', 'a86da758-4e94-4553-95f4-1b5581194b1a', '400624dd-330e-4056-9269-c3e19018b810', 4),
  ('48bf2c5a-3429-4cde-ae55-701e08231515', 'a86da758-4e94-4553-95f4-1b5581194b1a', '5ece8e71-5ddc-415c-a268-71d3c8be086c', 5),
  ('3cd19102-3eff-4d39-a7fe-b6faa1011407', 'a86da758-4e94-4553-95f4-1b5581194b1a', 'c94baf05-2824-4c84-b219-13d97a4da7a8', 6),
  ('fe5b6d49-75ee-49c0-84f3-fe3b365dcfc8', 'a86da758-4e94-4553-95f4-1b5581194b1a', 'c7d5e053-46fc-45c8-ac2a-7456725609f0', 7),
  ('45ff7619-e48b-43af-b969-3763e54b69ac', 'a86da758-4e94-4553-95f4-1b5581194b1a', 'c651f256-949d-4aee-9e2b-8829b80f8ac1', 8),
  ('87069aba-84a3-4a94-ad75-848f0e4c76d7', 'a86da758-4e94-4553-95f4-1b5581194b1a', 'd914ac8c-a83d-434a-b38f-d4e90f7ee4e5', 9),
  ('5eefe4cc-7ae1-46d4-b042-0217411e3306', 'a86da758-4e94-4553-95f4-1b5581194b1a', 'cd530fcb-a14e-467f-83fb-2f0f1fabf193', 10),
  ('7567c730-26bc-4635-8d29-2f0384eca101', 'a86da758-4e94-4553-95f4-1b5581194b1a', 'b7ebe48f-b035-4f82-b30d-5b757d233563', 11),
  ('df1f5cee-283f-4405-9b33-31a7a34ccb48', 'a86da758-4e94-4553-95f4-1b5581194b1a', '01fae1c9-c096-40f4-a7ac-4c5b2422ae72', 12),
  ('bddf5f8e-8403-48b1-9579-1565515d509b', 'a86da758-4e94-4553-95f4-1b5581194b1a', 'f8123056-335a-4cb9-b0e0-90d52c19ce65', 13),
  ('2cc4ef32-2356-459a-ba17-2e2791928479', 'a86da758-4e94-4553-95f4-1b5581194b1a', '144f5666-421b-4999-a953-bbefd08a630e', 14),
  ('30750839-40d2-4f50-9f92-4faf663952b3', 'eca7e542-500d-4182-a0c4-febb9e3cd9dd', 'dd0f3545-9c95-4406-8a25-6e022269be33', 1),
  ('6b2cd8c7-daa1-4211-a000-946e41ae1af0', 'eca7e542-500d-4182-a0c4-febb9e3cd9dd', '7f37c53c-4cc9-4d75-9c67-86afaa31034c', 2),
  ('eb9d132b-4627-4634-b1ce-b6c483bb99ed', 'eca7e542-500d-4182-a0c4-febb9e3cd9dd', '70f28153-89e1-4982-a646-76468808b692', 3),
  ('8823249d-b54e-471d-978c-ff7ed6f76f67', 'eca7e542-500d-4182-a0c4-febb9e3cd9dd', '400624dd-330e-4056-9269-c3e19018b810', 4),
  ('f26d68fc-30ea-4029-941f-f436cc70e2d7', 'eca7e542-500d-4182-a0c4-febb9e3cd9dd', '5ece8e71-5ddc-415c-a268-71d3c8be086c', 5),
  ('ea3c38e1-8005-492b-b720-531d7de510f4', 'eca7e542-500d-4182-a0c4-febb9e3cd9dd', 'c94baf05-2824-4c84-b219-13d97a4da7a8', 6),
  ('ef4baefc-8681-433b-9261-2889a4f3ec71', 'eca7e542-500d-4182-a0c4-febb9e3cd9dd', 'c7d5e053-46fc-45c8-ac2a-7456725609f0', 7),
  ('8bceca03-26dc-40fa-bc9e-37c2d523df22', 'eca7e542-500d-4182-a0c4-febb9e3cd9dd', 'c651f256-949d-4aee-9e2b-8829b80f8ac1', 8),
  ('e729570a-a540-4e08-b957-76a4a1ddaa9f', 'eca7e542-500d-4182-a0c4-febb9e3cd9dd', 'd914ac8c-a83d-434a-b38f-d4e90f7ee4e5', 9),
  ('7d91ec0e-b0b9-4742-b35c-33e52d2015a6', 'eca7e542-500d-4182-a0c4-febb9e3cd9dd', 'cd530fcb-a14e-467f-83fb-2f0f1fabf193', 10),
  ('081937d7-40ad-43f1-9776-b2470fc4dd00', 'eca7e542-500d-4182-a0c4-febb9e3cd9dd', 'b7ebe48f-b035-4f82-b30d-5b757d233563', 11),
  ('0fc65366-4a6b-4be9-ad7c-958961c34d07', 'eca7e542-500d-4182-a0c4-febb9e3cd9dd', '01fae1c9-c096-40f4-a7ac-4c5b2422ae72', 12),
  ('4a4aa392-8781-4804-8f76-ea6d63ec9f40', 'eca7e542-500d-4182-a0c4-febb9e3cd9dd', 'f8123056-335a-4cb9-b0e0-90d52c19ce65', 13),
  ('78b41b26-4476-4771-937c-82969b36287e', 'eca7e542-500d-4182-a0c4-febb9e3cd9dd', '144f5666-421b-4999-a953-bbefd08a630e', 14),
  ('ef486e62-9bcc-4a0c-9908-6c827461c284', '9a71aa5c-e2df-4f8f-ac25-3aa435b643b0', '144f5666-421b-4999-a953-bbefd08a630e', 1),
  ('fd84060b-2c41-4371-af04-a43caa2d6cd8', '9a71aa5c-e2df-4f8f-ac25-3aa435b643b0', 'f8123056-335a-4cb9-b0e0-90d52c19ce65', 2),
  ('a14cb887-d1f0-4238-bf75-4a8f879ceb20', '9a71aa5c-e2df-4f8f-ac25-3aa435b643b0', '8ef226f0-ef50-4e04-b12d-1a039c3631ea', 3),
  ('200c2d44-7dda-4868-8512-4281a950cccc', '9a71aa5c-e2df-4f8f-ac25-3aa435b643b0', 'b7ebe48f-b035-4f82-b30d-5b757d233563', 4),
  ('f01718fa-3d5f-4062-be48-0d5fc659be36', '9a71aa5c-e2df-4f8f-ac25-3aa435b643b0', 'cd530fcb-a14e-467f-83fb-2f0f1fabf193', 5),
  ('536cd245-e0ea-49f0-b148-6c8fad41de0b', '9a71aa5c-e2df-4f8f-ac25-3aa435b643b0', '8ed7defb-90fc-45aa-ba69-707a3df4a375', 6),
  ('df4de382-12a2-4f68-90f2-774154543793', '9a71aa5c-e2df-4f8f-ac25-3aa435b643b0', '293747e1-6cb3-49e6-8548-e7cd8c55f63b', 7),
  ('a1e3157e-6550-4330-947c-d444af9c0166', '9a71aa5c-e2df-4f8f-ac25-3aa435b643b0', 'c7d5e053-46fc-45c8-ac2a-7456725609f0', 8),
  ('b4594544-1ef9-4705-9ffa-3d66c32edc5f', '9a71aa5c-e2df-4f8f-ac25-3aa435b643b0', 'c94baf05-2824-4c84-b219-13d97a4da7a8', 9),
  ('0d2b8964-de55-4d8e-a3b8-fa8e37bc4a11', '9a71aa5c-e2df-4f8f-ac25-3aa435b643b0', '5ece8e71-5ddc-415c-a268-71d3c8be086c', 10),
  ('30bbb0e5-309b-4f21-bcd1-e3b6c6f360f3', '9a71aa5c-e2df-4f8f-ac25-3aa435b643b0', '70f28153-89e1-4982-a646-76468808b692', 11),
  ('49095916-1f43-472b-bf2a-863db39cf2ac', '9a71aa5c-e2df-4f8f-ac25-3aa435b643b0', '400624dd-330e-4056-9269-c3e19018b810', 12),
  ('ee646165-8a9f-42a3-9f14-61b8b5137666', '9a71aa5c-e2df-4f8f-ac25-3aa435b643b0', 'c1efd6e6-1559-47a5-84fe-4a4d38d0ee24', 13),
  ('dbfc8def-7e96-4f2f-8161-48380c13b38c', '9a71aa5c-e2df-4f8f-ac25-3aa435b643b0', 'dd0f3545-9c95-4406-8a25-6e022269be33', 14),
  ('2127ec94-f282-4f0a-ad14-12f174020ea5', '799cc46c-4ef6-4df7-81bf-7eda70e331c3', '144f5666-421b-4999-a953-bbefd08a630e', 1),
  ('55195c1d-43b5-4c69-a14a-c38cca5c8465', '799cc46c-4ef6-4df7-81bf-7eda70e331c3', 'f8123056-335a-4cb9-b0e0-90d52c19ce65', 2),
  ('2492272f-67b7-4a25-996a-33ff485bdb45', '799cc46c-4ef6-4df7-81bf-7eda70e331c3', '8ef226f0-ef50-4e04-b12d-1a039c3631ea', 3),
  ('c1a6bb76-5bad-4583-8e58-b85817efcd9a', '799cc46c-4ef6-4df7-81bf-7eda70e331c3', 'b7ebe48f-b035-4f82-b30d-5b757d233563', 4),
  ('39bcdef1-d924-49da-8f32-9b506e2cdacc', '799cc46c-4ef6-4df7-81bf-7eda70e331c3', 'cd530fcb-a14e-467f-83fb-2f0f1fabf193', 5),
  ('3a4543ff-ad90-4ca7-98af-1bf2aeb08421', '799cc46c-4ef6-4df7-81bf-7eda70e331c3', '8ed7defb-90fc-45aa-ba69-707a3df4a375', 6),
  ('d7d417df-f900-4a2b-888c-fa2226071cdb', '799cc46c-4ef6-4df7-81bf-7eda70e331c3', '293747e1-6cb3-49e6-8548-e7cd8c55f63b', 7),
  ('ee32e9f4-f1ee-40d1-be04-b5e3f1bd7696', '799cc46c-4ef6-4df7-81bf-7eda70e331c3', 'c7d5e053-46fc-45c8-ac2a-7456725609f0', 8),
  ('07811601-16c9-4e3d-8b40-73ca0335d6b2', '799cc46c-4ef6-4df7-81bf-7eda70e331c3', 'c94baf05-2824-4c84-b219-13d97a4da7a8', 9),
  ('f4034d00-cc5f-477d-a73f-648fe85ee9bb', '799cc46c-4ef6-4df7-81bf-7eda70e331c3', '5ece8e71-5ddc-415c-a268-71d3c8be086c', 10),
  ('4bf5e44e-69fd-4442-acce-acc30b7ed67c', '799cc46c-4ef6-4df7-81bf-7eda70e331c3', '70f28153-89e1-4982-a646-76468808b692', 11),
  ('6a123b33-0264-4d3d-833e-6704c035c70e', '799cc46c-4ef6-4df7-81bf-7eda70e331c3', '400624dd-330e-4056-9269-c3e19018b810', 12),
  ('a6da7a03-2da7-45d8-bf56-02b6b14928cb', '799cc46c-4ef6-4df7-81bf-7eda70e331c3', 'c1efd6e6-1559-47a5-84fe-4a4d38d0ee24', 13),
  ('07891f3b-b8b7-4c94-bd19-11f029f79f3f', '799cc46c-4ef6-4df7-81bf-7eda70e331c3', 'dd0f3545-9c95-4406-8a25-6e022269be33', 14),
  ('7e2da810-7e61-4256-8ca9-684e47d06019', 'deb853cd-c411-463b-beb2-0cbf1c8addee', 'dd0f3545-9c95-4406-8a25-6e022269be33', 1),
  ('f43c2c24-c701-42e4-b1c1-71fffd7269e4', 'deb853cd-c411-463b-beb2-0cbf1c8addee', '7f37c53c-4cc9-4d75-9c67-86afaa31034c', 2),
  ('b022ef84-43fe-4b44-b4c7-14fa4bf916d6', 'deb853cd-c411-463b-beb2-0cbf1c8addee', '70f28153-89e1-4982-a646-76468808b692', 3),
  ('30c18101-96e6-4aa7-b6b5-a57a442140c7', 'deb853cd-c411-463b-beb2-0cbf1c8addee', '400624dd-330e-4056-9269-c3e19018b810', 4),
  ('3525cabb-4e0d-4a8b-970f-66deb746115a', 'deb853cd-c411-463b-beb2-0cbf1c8addee', '5ece8e71-5ddc-415c-a268-71d3c8be086c', 5),
  ('bc887525-95e7-4afb-9caf-074e61b254f6', 'deb853cd-c411-463b-beb2-0cbf1c8addee', 'c7d5e053-46fc-45c8-ac2a-7456725609f0', 6),
  ('d3a474a5-26a9-471c-8d30-d341d20f8351', 'deb853cd-c411-463b-beb2-0cbf1c8addee', 'cd530fcb-a14e-467f-83fb-2f0f1fabf193', 7),
  ('7a312b40-58ac-4f04-b4e2-23a27bb1c2bf', 'deb853cd-c411-463b-beb2-0cbf1c8addee', 'b7ebe48f-b035-4f82-b30d-5b757d233563', 8),
  ('0116227b-bf12-47ea-9bcf-6d355b6d869c', 'deb853cd-c411-463b-beb2-0cbf1c8addee', '144f5666-421b-4999-a953-bbefd08a630e', 9),
  ('6527958b-898e-4ba6-ac6d-6b296393082a', 'd57d6562-38f9-4209-89e7-de30027c4143', 'dd0f3545-9c95-4406-8a25-6e022269be33', 1),
  ('663b1b4a-2b80-4de7-886f-3c137a4deb62', 'd57d6562-38f9-4209-89e7-de30027c4143', '7f37c53c-4cc9-4d75-9c67-86afaa31034c', 2),
  ('a836ca9d-b1b2-48a1-8999-eb1e89fd56ff', 'd57d6562-38f9-4209-89e7-de30027c4143', '70f28153-89e1-4982-a646-76468808b692', 3),
  ('a205c778-268d-47ba-94ef-0e4712c1f544', 'd57d6562-38f9-4209-89e7-de30027c4143', '400624dd-330e-4056-9269-c3e19018b810', 4),
  ('9e45ac3e-5ef5-4cb8-a87c-27a1b147b4f6', 'd57d6562-38f9-4209-89e7-de30027c4143', '5ece8e71-5ddc-415c-a268-71d3c8be086c', 5),
  ('4120e9c2-9a5b-42eb-aeaf-2778a2cfb595', 'd57d6562-38f9-4209-89e7-de30027c4143', 'c7d5e053-46fc-45c8-ac2a-7456725609f0', 6),
  ('b3f1ffe2-3935-46c5-a11b-4b9d97b45097', 'd57d6562-38f9-4209-89e7-de30027c4143', 'cd530fcb-a14e-467f-83fb-2f0f1fabf193', 7),
  ('6beaf668-6ff0-4152-a878-cfdafc092fd7', 'd57d6562-38f9-4209-89e7-de30027c4143', 'b7ebe48f-b035-4f82-b30d-5b757d233563', 8),
  ('f5de7e05-61b8-4587-b476-873385a587b7', 'd57d6562-38f9-4209-89e7-de30027c4143', '144f5666-421b-4999-a953-bbefd08a630e', 9),
  ('149a08e0-4f86-47fd-95ca-1952a3f39df7', '9a3a4108-7896-4b0a-9df7-5afd44311e89', 'dd0f3545-9c95-4406-8a25-6e022269be33', 1),
  ('dc7542ca-51ab-40e3-beb9-7be78659a3ac', '9a3a4108-7896-4b0a-9df7-5afd44311e89', '7f37c53c-4cc9-4d75-9c67-86afaa31034c', 2),
  ('9bbaf5eb-18d7-48e1-8f49-03507a1fc4d1', '9a3a4108-7896-4b0a-9df7-5afd44311e89', '70f28153-89e1-4982-a646-76468808b692', 3),
  ('d392b857-6e86-4eda-8a20-7e7ab504aaa3', '9a3a4108-7896-4b0a-9df7-5afd44311e89', '400624dd-330e-4056-9269-c3e19018b810', 4),
  ('87c91c4d-5882-483f-9014-0f12f825ab7e', '9a3a4108-7896-4b0a-9df7-5afd44311e89', '5ece8e71-5ddc-415c-a268-71d3c8be086c', 5),
  ('52ef38b1-eeb5-4c68-b15c-959aefec13f0', '9a3a4108-7896-4b0a-9df7-5afd44311e89', 'c7d5e053-46fc-45c8-ac2a-7456725609f0', 6),
  ('713785d4-5978-49bd-9855-a456443864f3', '9a3a4108-7896-4b0a-9df7-5afd44311e89', 'cd530fcb-a14e-467f-83fb-2f0f1fabf193', 7),
  ('293273b9-63e4-49d2-9a22-2b31b953d8e4', '9a3a4108-7896-4b0a-9df7-5afd44311e89', 'b7ebe48f-b035-4f82-b30d-5b757d233563', 8),
  ('8ed3f43b-5579-4043-a294-386404105118', '9a3a4108-7896-4b0a-9df7-5afd44311e89', '144f5666-421b-4999-a953-bbefd08a630e', 9),
  ('54bee528-7f0c-422f-8261-d12e3d5739e3', 'bd3a2d94-77ef-47e9-be34-529904c9ee47', 'dd0f3545-9c95-4406-8a25-6e022269be33', 1),
  ('4ad03aca-dd96-4f03-8ea8-b489dd56042a', 'bd3a2d94-77ef-47e9-be34-529904c9ee47', '7f37c53c-4cc9-4d75-9c67-86afaa31034c', 2),
  ('52a9d28c-17c7-4db5-9d6f-191b53b4a7cd', 'bd3a2d94-77ef-47e9-be34-529904c9ee47', '70f28153-89e1-4982-a646-76468808b692', 3),
  ('42c2edf7-585f-43be-9d40-9019ff0afefd', 'bd3a2d94-77ef-47e9-be34-529904c9ee47', '400624dd-330e-4056-9269-c3e19018b810', 4),
  ('a33b336b-15b6-403d-9e29-617019f7c93f', 'bd3a2d94-77ef-47e9-be34-529904c9ee47', '5ece8e71-5ddc-415c-a268-71d3c8be086c', 5),
  ('16d6b1a5-60c2-497d-b417-780fb08a02e8', 'bd3a2d94-77ef-47e9-be34-529904c9ee47', 'c7d5e053-46fc-45c8-ac2a-7456725609f0', 6),
  ('75228089-1e38-4289-b90a-d0cf349fea07', 'bd3a2d94-77ef-47e9-be34-529904c9ee47', 'cd530fcb-a14e-467f-83fb-2f0f1fabf193', 7),
  ('d7a94dbe-915d-4950-a0c2-c083fecf4ff7', 'bd3a2d94-77ef-47e9-be34-529904c9ee47', 'b7ebe48f-b035-4f82-b30d-5b757d233563', 8),
  ('92446ad9-ab99-4184-b5b8-5d65d47c7a64', 'bd3a2d94-77ef-47e9-be34-529904c9ee47', '144f5666-421b-4999-a953-bbefd08a630e', 9),
  ('9f1a14fb-d6ec-4d2d-8e54-724cf2427e73', '0ea84700-4d93-4e6e-83a6-3a13f2c57848', '144f5666-421b-4999-a953-bbefd08a630e', 1),
  ('dcf97173-cf9b-4119-b0d9-76d042c55f3c', '0ea84700-4d93-4e6e-83a6-3a13f2c57848', 'b7ebe48f-b035-4f82-b30d-5b757d233563', 2),
  ('cb060eb3-3be1-4530-a57c-121904b612da', '0ea84700-4d93-4e6e-83a6-3a13f2c57848', 'cd530fcb-a14e-467f-83fb-2f0f1fabf193', 3),
  ('10df9d2b-4dc9-4e88-95d9-3b82892cf15b', '0ea84700-4d93-4e6e-83a6-3a13f2c57848', 'c7d5e053-46fc-45c8-ac2a-7456725609f0', 4),
  ('5bab9b9f-3780-486a-a4ed-7bbaab0d7dad', '0ea84700-4d93-4e6e-83a6-3a13f2c57848', '5ece8e71-5ddc-415c-a268-71d3c8be086c', 5),
  ('6785bfa0-b3f0-4a0b-b03c-c6ce9df3a8c2', '0ea84700-4d93-4e6e-83a6-3a13f2c57848', '70f28153-89e1-4982-a646-76468808b692', 6),
  ('8c8e6292-f3ee-4021-9d9a-7e00c5c15f68', '0ea84700-4d93-4e6e-83a6-3a13f2c57848', '400624dd-330e-4056-9269-c3e19018b810', 7),
  ('e67aa9e7-de41-499b-aef6-d0cef5c5b170', '0ea84700-4d93-4e6e-83a6-3a13f2c57848', 'c1efd6e6-1559-47a5-84fe-4a4d38d0ee24', 8),
  ('ccbf4d77-c24e-4e9c-a4c3-5bc401ad4ab0', '0ea84700-4d93-4e6e-83a6-3a13f2c57848', 'dd0f3545-9c95-4406-8a25-6e022269be33', 9),
  ('0697fde7-1341-4e6e-a1a9-e64fc7962a58', '741b6abb-ba85-4cc1-8a83-3988fed4f967', '144f5666-421b-4999-a953-bbefd08a630e', 1),
  ('de99e353-f2ac-4ed1-b8b6-6eb9a81b776c', '741b6abb-ba85-4cc1-8a83-3988fed4f967', 'b7ebe48f-b035-4f82-b30d-5b757d233563', 2),
  ('488d6cf6-5560-45c7-9ef4-671b8c358913', '741b6abb-ba85-4cc1-8a83-3988fed4f967', 'cd530fcb-a14e-467f-83fb-2f0f1fabf193', 3),
  ('d043a40e-7a9a-4978-8f79-de557462f972', '741b6abb-ba85-4cc1-8a83-3988fed4f967', 'c7d5e053-46fc-45c8-ac2a-7456725609f0', 4),
  ('115c8a4d-fa07-448a-bb1b-fd0ffc775a44', '741b6abb-ba85-4cc1-8a83-3988fed4f967', '5ece8e71-5ddc-415c-a268-71d3c8be086c', 5),
  ('11183579-3a53-4b05-b735-ef6297e1f23e', '741b6abb-ba85-4cc1-8a83-3988fed4f967', '70f28153-89e1-4982-a646-76468808b692', 6),
  ('ee48bcae-2b94-414d-a127-021867440b12', '741b6abb-ba85-4cc1-8a83-3988fed4f967', '400624dd-330e-4056-9269-c3e19018b810', 7),
  ('78586451-1337-446c-854c-55197fd22c63', '741b6abb-ba85-4cc1-8a83-3988fed4f967', 'c1efd6e6-1559-47a5-84fe-4a4d38d0ee24', 8),
  ('5510f499-9f75-467c-a88b-7e792c93a809', '741b6abb-ba85-4cc1-8a83-3988fed4f967', 'dd0f3545-9c95-4406-8a25-6e022269be33', 9),
  ('2c1dc5bb-48bc-474a-b0cb-5d3a9900f8b6', '8d257ac5-4bc3-4493-98f3-2c6529629f8f', '144f5666-421b-4999-a953-bbefd08a630e', 1),
  ('af8c61c6-d470-40dc-8b9e-072dc5a13e18', '8d257ac5-4bc3-4493-98f3-2c6529629f8f', 'b7ebe48f-b035-4f82-b30d-5b757d233563', 2),
  ('3625b02e-5725-4f00-8b0c-202468b3cd39', '8d257ac5-4bc3-4493-98f3-2c6529629f8f', 'cd530fcb-a14e-467f-83fb-2f0f1fabf193', 3),
  ('4bddecdb-9c70-4b3c-a799-373e15807d71', '8d257ac5-4bc3-4493-98f3-2c6529629f8f', 'c7d5e053-46fc-45c8-ac2a-7456725609f0', 4),
  ('6dd420d6-bf04-43e6-93af-22669dc86249', '8d257ac5-4bc3-4493-98f3-2c6529629f8f', '5ece8e71-5ddc-415c-a268-71d3c8be086c', 5),
  ('22c41f72-820e-4e5d-bb4b-0eacb0b9003f', '8d257ac5-4bc3-4493-98f3-2c6529629f8f', '70f28153-89e1-4982-a646-76468808b692', 6),
  ('5a4b1463-10cf-4b42-9efb-72a1617831e6', '8d257ac5-4bc3-4493-98f3-2c6529629f8f', '400624dd-330e-4056-9269-c3e19018b810', 7),
  ('0f654183-a792-420f-aeb7-114480a0aed0', '8d257ac5-4bc3-4493-98f3-2c6529629f8f', 'c1efd6e6-1559-47a5-84fe-4a4d38d0ee24', 8),
  ('648de1b4-464a-4f74-93e8-10b44c8b6586', '8d257ac5-4bc3-4493-98f3-2c6529629f8f', 'dd0f3545-9c95-4406-8a25-6e022269be33', 9),
  ('f318cf8b-e493-4e95-972d-f4825a64c264', '4b128eaa-2755-4f33-81ce-73a55488c2b1', '144f5666-421b-4999-a953-bbefd08a630e', 1),
  ('50b71506-17cc-4e11-9a81-b8b88298be9c', '4b128eaa-2755-4f33-81ce-73a55488c2b1', 'b7ebe48f-b035-4f82-b30d-5b757d233563', 2),
  ('dc0e291f-c12a-4479-b9a9-5d498d582d90', '4b128eaa-2755-4f33-81ce-73a55488c2b1', 'cd530fcb-a14e-467f-83fb-2f0f1fabf193', 3),
  ('3c34b9ef-2743-40ce-9a52-977d387264f2', '4b128eaa-2755-4f33-81ce-73a55488c2b1', 'c7d5e053-46fc-45c8-ac2a-7456725609f0', 4),
  ('224365c6-de93-406c-8d12-d78aff33f76e', '4b128eaa-2755-4f33-81ce-73a55488c2b1', '5ece8e71-5ddc-415c-a268-71d3c8be086c', 5),
  ('d228452f-b634-4c9a-93f1-e7e662b7323f', '4b128eaa-2755-4f33-81ce-73a55488c2b1', '70f28153-89e1-4982-a646-76468808b692', 6),
  ('52bcc189-f407-440d-a5d5-3ca7169acd67', '4b128eaa-2755-4f33-81ce-73a55488c2b1', '400624dd-330e-4056-9269-c3e19018b810', 7),
  ('1a694b19-9c34-45a1-aef2-b6839602dd92', '4b128eaa-2755-4f33-81ce-73a55488c2b1', 'c1efd6e6-1559-47a5-84fe-4a4d38d0ee24', 8),
  ('efd23729-5759-4c66-a795-afd01a629dcf', '4b128eaa-2755-4f33-81ce-73a55488c2b1', 'dd0f3545-9c95-4406-8a25-6e022269be33', 9),
  ('420f9d1a-b88f-4438-a810-b418bc9f9275', '2b1cef8d-d832-40ed-928a-fd288c4d8875', '1e2bf753-f174-4323-8af8-06a18a13db55', 1),
  ('5fcf6a68-75de-48b1-a86f-0ba342a8dbb9', '2b1cef8d-d832-40ed-928a-fd288c4d8875', '58925104-8e86-47cb-8915-d65e48077b80', 2),
  ('50ff1ad8-8969-4626-88c5-d4bae3603723', '2b1cef8d-d832-40ed-928a-fd288c4d8875', 'cc970f95-a730-45c8-9e7b-5c6ce0a181e1', 3),
  ('c3887381-0d4b-46b0-93e2-11d472d3b7ab', '2b1cef8d-d832-40ed-928a-fd288c4d8875', '0f2dafaf-180c-4425-90a7-8f3fa7a6e0dc', 4),
  ('ceecc623-7f81-44f6-96ce-352382fef46f', '2b1cef8d-d832-40ed-928a-fd288c4d8875', '8854046c-ea2c-473e-929b-1ab8ebdd7e13', 5),
  ('5d590669-3f35-4aa1-85ff-715b21eea5f1', '2b1cef8d-d832-40ed-928a-fd288c4d8875', '3cfcda1d-97c7-4cc4-b127-8895795add42', 6),
  ('fe7469e8-e6da-4ded-bd51-f7880b9a14f7', '2b1cef8d-d832-40ed-928a-fd288c4d8875', '8560f0e8-7661-4be9-b80e-1af5cc0c6764', 7),
  ('2c5f26d8-bfe8-4105-9112-4a1b8b3d9337', '2b1cef8d-d832-40ed-928a-fd288c4d8875', 'af6a564a-a153-4f5b-92df-1c784e9058dd', 8),
  ('4453626b-836f-439a-b107-50016d144de7', '2b1cef8d-d832-40ed-928a-fd288c4d8875', '1012b231-4bf2-4c31-82e4-e65fe3596743', 9),
  ('6c1f494b-49e1-4daa-9ac5-90f827141751', '2b1cef8d-d832-40ed-928a-fd288c4d8875', '4cb240f0-701c-4863-86c0-a55e96e92be6', 10),
  ('3b88a92b-fd11-4097-a49f-e5e26ec30b61', '2b1cef8d-d832-40ed-928a-fd288c4d8875', '7ee9d127-2567-4ca7-9a38-2e77e8b2ceb2', 11),
  ('6e97da1d-01c3-4e18-b3f1-8a8af3192590', '2b1cef8d-d832-40ed-928a-fd288c4d8875', 'a51b37b7-6d26-4a41-8568-0be879ac2dc7', 12),
  ('5a5aef5e-95b6-4d5d-a0d6-81402d3f9dca', '2b1cef8d-d832-40ed-928a-fd288c4d8875', '5ddc3c83-6304-42d1-a67b-8298e654372b', 13),
  ('e3221f8e-e62f-418e-a604-80815dc9f1fe', '2b1cef8d-d832-40ed-928a-fd288c4d8875', 'e87d3e54-bef6-477b-bdb1-6c9e225534c6', 14),
  ('047950b8-a9eb-420d-8fe4-c03a830ab5d2', '2d44a548-43f8-4eb0-a695-f3f245c47660', 'e87d3e54-bef6-477b-bdb1-6c9e225534c6', 1),
  ('92717347-4af1-4584-9ade-6c5ce76f7677', '2d44a548-43f8-4eb0-a695-f3f245c47660', '5ddc3c83-6304-42d1-a67b-8298e654372b', 2),
  ('274f8ac4-3b77-4244-8122-ded893e50162', '2d44a548-43f8-4eb0-a695-f3f245c47660', 'a51b37b7-6d26-4a41-8568-0be879ac2dc7', 3),
  ('d5210294-bf05-42e4-a1c4-ba0ef64cf006', '2d44a548-43f8-4eb0-a695-f3f245c47660', '7ee9d127-2567-4ca7-9a38-2e77e8b2ceb2', 4),
  ('2afd4018-eab9-49a4-a85f-968d2d52098c', '2d44a548-43f8-4eb0-a695-f3f245c47660', '4cb240f0-701c-4863-86c0-a55e96e92be6', 5),
  ('a519da0b-b84b-47cc-bf87-ff0109405e2b', '2d44a548-43f8-4eb0-a695-f3f245c47660', '1012b231-4bf2-4c31-82e4-e65fe3596743', 6),
  ('16883b09-b8ed-4e61-acc4-f00dad50c61a', '2d44a548-43f8-4eb0-a695-f3f245c47660', 'af6a564a-a153-4f5b-92df-1c784e9058dd', 7),
  ('625658c7-bf48-42f4-b5bf-c2f76020c190', '2d44a548-43f8-4eb0-a695-f3f245c47660', '8560f0e8-7661-4be9-b80e-1af5cc0c6764', 8),
  ('c730ca87-6253-4998-82c5-c396ed205492', '2d44a548-43f8-4eb0-a695-f3f245c47660', '3cfcda1d-97c7-4cc4-b127-8895795add42', 9),
  ('f8ba939d-7f5f-469e-9df2-55424b280499', '2d44a548-43f8-4eb0-a695-f3f245c47660', '8854046c-ea2c-473e-929b-1ab8ebdd7e13', 10),
  ('545b431b-4e68-4259-816d-e65c6209f946', '2d44a548-43f8-4eb0-a695-f3f245c47660', '0f2dafaf-180c-4425-90a7-8f3fa7a6e0dc', 11),
  ('d68e82d0-6f74-4a74-894f-f314224fd2d1', '2d44a548-43f8-4eb0-a695-f3f245c47660', '0b5c2ace-4a9b-4c09-877b-c21a587f58cd', 12),
  ('4f280ee3-2d35-4edb-9b53-5e59c52324bf', '2d44a548-43f8-4eb0-a695-f3f245c47660', '2ea18ceb-284e-41ad-9500-22c3d93180b9', 13),
  ('d5fc5cf3-7b32-419a-8637-d9691e4afbbc', '2d44a548-43f8-4eb0-a695-f3f245c47660', '1e2bf753-f174-4323-8af8-06a18a13db55', 14),
  ('ade79120-73ff-4ad3-b3ef-e20dd089a688', '49977d69-a7f4-4f36-8109-0fc920edca91', '1e2bf753-f174-4323-8af8-06a18a13db55', 1),
  ('2cf7b375-272c-4f49-ab7f-8acf89964688', '49977d69-a7f4-4f36-8109-0fc920edca91', 'a85444a3-f1f3-4134-a2f3-709ed5dd3544', 2),
  ('568818dd-ac15-4868-b21b-50af1d156b15', '49977d69-a7f4-4f36-8109-0fc920edca91', 'f75d695e-173c-4ff3-afd9-f817c7bf4158', 3),
  ('94d2f4b8-032c-413e-83cd-afceecafd9fd', '49977d69-a7f4-4f36-8109-0fc920edca91', '489abc00-f273-48a7-8178-f501a38dc009', 4),
  ('2fb2a21b-e488-4ad9-9b48-caa2be1c32ae', '36d37517-e804-4014-bb8a-7679432e0d8a', '1e2bf753-f174-4323-8af8-06a18a13db55', 1),
  ('6562b0a3-05ab-44ae-8193-ad8f5c21afd8', '36d37517-e804-4014-bb8a-7679432e0d8a', 'a85444a3-f1f3-4134-a2f3-709ed5dd3544', 2),
  ('cafed0a0-9434-459f-b6b5-0cff8835940b', '36d37517-e804-4014-bb8a-7679432e0d8a', 'f75d695e-173c-4ff3-afd9-f817c7bf4158', 3),
  ('04959618-ee4b-40dc-9c73-d66b430de144', '36d37517-e804-4014-bb8a-7679432e0d8a', '489abc00-f273-48a7-8178-f501a38dc009', 4),
  ('4f758270-d65c-4e62-8218-109d4e170f1b', '1e937a6d-0cef-4d9c-8f30-428e7fbe5cf1', '1e2bf753-f174-4323-8af8-06a18a13db55', 1),
  ('4bb0102b-10b5-4680-be83-212a638743b9', '1e937a6d-0cef-4d9c-8f30-428e7fbe5cf1', 'a85444a3-f1f3-4134-a2f3-709ed5dd3544', 2),
  ('effe1d17-6135-45ef-adbd-e80195ba4b19', '1e937a6d-0cef-4d9c-8f30-428e7fbe5cf1', 'f75d695e-173c-4ff3-afd9-f817c7bf4158', 3),
  ('57c870ce-d83a-4e93-b9ed-20afa8fecf9f', '1e937a6d-0cef-4d9c-8f30-428e7fbe5cf1', '489abc00-f273-48a7-8178-f501a38dc009', 4),
  ('5dfa182d-0716-4080-a35b-3f3c161656ca', '05ee09bd-f0f0-4954-9dba-15335ec31dd8', '1e2bf753-f174-4323-8af8-06a18a13db55', 1),
  ('c085114f-07f9-4180-bae4-5e4bf71cfdde', '05ee09bd-f0f0-4954-9dba-15335ec31dd8', 'a85444a3-f1f3-4134-a2f3-709ed5dd3544', 2),
  ('f36fefd0-8a8d-4166-a3cf-9ba1bbdcccf0', '05ee09bd-f0f0-4954-9dba-15335ec31dd8', 'f75d695e-173c-4ff3-afd9-f817c7bf4158', 3),
  ('a1477999-4610-4e22-b88b-e0f6e12e2284', '05ee09bd-f0f0-4954-9dba-15335ec31dd8', '489abc00-f273-48a7-8178-f501a38dc009', 4),
  ('34579318-151a-490d-a3e6-2ac40c730783', '6ec0b82e-95fa-4928-903e-bd54c80e9f2c', '489abc00-f273-48a7-8178-f501a38dc009', 1),
  ('b11d74c5-8a2a-4414-9751-257bd137dac0', '6ec0b82e-95fa-4928-903e-bd54c80e9f2c', 'f75d695e-173c-4ff3-afd9-f817c7bf4158', 2),
  ('459dbc6d-3073-4284-88d2-ebc632927fd3', '6ec0b82e-95fa-4928-903e-bd54c80e9f2c', 'a85444a3-f1f3-4134-a2f3-709ed5dd3544', 3),
  ('2f165e36-933f-4372-a380-01d903de648b', '6ec0b82e-95fa-4928-903e-bd54c80e9f2c', '1e2bf753-f174-4323-8af8-06a18a13db55', 4),
  ('eb551c73-1ad5-40cc-8100-d6511b20e67b', 'fa6e5130-1dab-47ce-9c88-0b9dea40277b', '489abc00-f273-48a7-8178-f501a38dc009', 1),
  ('9bc68655-d217-4dee-96f6-0430fd48ffb3', 'fa6e5130-1dab-47ce-9c88-0b9dea40277b', 'f75d695e-173c-4ff3-afd9-f817c7bf4158', 2),
  ('b5e4144f-c6ed-44f2-927a-93c2d0c5c8fc', 'fa6e5130-1dab-47ce-9c88-0b9dea40277b', 'a85444a3-f1f3-4134-a2f3-709ed5dd3544', 3),
  ('24ab3bae-0420-4702-99ea-dee37a8e4571', 'fa6e5130-1dab-47ce-9c88-0b9dea40277b', '1e2bf753-f174-4323-8af8-06a18a13db55', 4),
  ('9e332a80-9c22-4fda-9b82-58fc19249495', '38a71b73-d178-4c22-a47e-226876e2c1d0', '489abc00-f273-48a7-8178-f501a38dc009', 1),
  ('c80f2372-9948-4117-8555-eb8599d1e88d', '38a71b73-d178-4c22-a47e-226876e2c1d0', 'f75d695e-173c-4ff3-afd9-f817c7bf4158', 2),
  ('40a564ce-4bc6-4f2c-b849-8e6b7010da6c', '38a71b73-d178-4c22-a47e-226876e2c1d0', 'a85444a3-f1f3-4134-a2f3-709ed5dd3544', 3),
  ('7fc033aa-e1a3-447a-bef2-e1bc6e23da40', '38a71b73-d178-4c22-a47e-226876e2c1d0', '1e2bf753-f174-4323-8af8-06a18a13db55', 4),
  ('f3ad88e6-ceb2-4648-9788-88a71c402cc3', 'c05dd228-fdb1-4fc9-9734-0306f71cc22d', '489abc00-f273-48a7-8178-f501a38dc009', 1),
  ('e2c6f790-e593-42fb-81a5-1233e6e79395', 'c05dd228-fdb1-4fc9-9734-0306f71cc22d', 'f75d695e-173c-4ff3-afd9-f817c7bf4158', 2),
  ('8450027e-9cf2-4098-bdcb-ab148863aa66', 'c05dd228-fdb1-4fc9-9734-0306f71cc22d', 'a85444a3-f1f3-4134-a2f3-709ed5dd3544', 3),
  ('947ceebc-4ae0-410e-9fea-1cac4afbf53f', 'c05dd228-fdb1-4fc9-9734-0306f71cc22d', '1e2bf753-f174-4323-8af8-06a18a13db55', 4),
  ('e9cf0d57-aab1-451d-8858-8194618b75a0', 'c31cee3a-f992-4924-b608-74510d540ff1', '83389975-bcd5-44d0-932c-17ad7009e0f7', 1),
  ('d5d70907-6380-4574-9948-9c4a1df53eed', 'c31cee3a-f992-4924-b608-74510d540ff1', 'a136be14-1c75-4ada-b776-c887e2681691', 2),
  ('7730a547-5795-4520-ab3a-75f875b2c0f6', 'c31cee3a-f992-4924-b608-74510d540ff1', 'ab77af13-e4eb-4a4c-8641-9ef93dcd1620', 3),
  ('a3810999-3dc5-4aad-bbb8-191e43cf4c12', 'c31cee3a-f992-4924-b608-74510d540ff1', '3ad3417c-eeb6-4d6d-9252-941baf14e92e', 4),
  ('ae06e51f-2f94-4857-aa85-647f3c97227b', '88594ba7-ad88-4ab6-9249-e6aa5c9d2de7', '3ad3417c-eeb6-4d6d-9252-941baf14e92e', 1),
  ('5a7a9d5c-9511-4fce-8872-d4e74b9a0356', '88594ba7-ad88-4ab6-9249-e6aa5c9d2de7', 'ab77af13-e4eb-4a4c-8641-9ef93dcd1620', 2),
  ('5084c302-19f6-4042-b8cf-2a20914f41c3', '88594ba7-ad88-4ab6-9249-e6aa5c9d2de7', 'a136be14-1c75-4ada-b776-c887e2681691', 3),
  ('8fee265c-8993-439a-8e5b-2df38277b0cf', '88594ba7-ad88-4ab6-9249-e6aa5c9d2de7', '83389975-bcd5-44d0-932c-17ad7009e0f7', 4),
  ('3f9375f6-1546-47ba-984a-73fd3a6e8877', '87eff1cb-38ba-4261-a5ca-85dee32f47bf', 'a136be14-1c75-4ada-b776-c887e2681691', 1),
  ('e5f9aaa1-4f03-420b-ab72-eb4d80a0c3b0', '87eff1cb-38ba-4261-a5ca-85dee32f47bf', 'dfecebfb-0fff-4910-b5cd-e75f85fc623a', 2),
  ('7730ccfb-8766-4d22-b287-61d6c4aaf875', '87eff1cb-38ba-4261-a5ca-85dee32f47bf', '4bb5e838-a3d7-4ce2-ac97-deea1d587171', 3),
  ('2bf5a370-91b7-494c-89cd-dd6ba38cef21', '87eff1cb-38ba-4261-a5ca-85dee32f47bf', '07e43add-288b-4b4d-9d46-b73c523394d2', 4),
  ('5a32975c-eab9-41b2-a0f1-ea17c0a9573d', '87eff1cb-38ba-4261-a5ca-85dee32f47bf', 'af6a564a-a153-4f5b-92df-1c784e9058dd', 5),
  ('c907c77b-8a69-4d1e-8734-b6f4ddde96dd', 'f696cb51-4a92-4e3e-9b05-54128780fd10', 'af6a564a-a153-4f5b-92df-1c784e9058dd', 1),
  ('90b63f41-7658-4178-ab6f-fd9aa3e89d0e', 'f696cb51-4a92-4e3e-9b05-54128780fd10', '07e43add-288b-4b4d-9d46-b73c523394d2', 2),
  ('8b2d8aca-8840-44ea-a3e7-28c03b0f01c0', 'f696cb51-4a92-4e3e-9b05-54128780fd10', '4bb5e838-a3d7-4ce2-ac97-deea1d587171', 3),
  ('10b19e36-7f56-4de2-b019-964da3ed4356', 'f696cb51-4a92-4e3e-9b05-54128780fd10', 'dfecebfb-0fff-4910-b5cd-e75f85fc623a', 4),
  ('a98566ec-48f4-4670-996b-107c17ed734d', 'f696cb51-4a92-4e3e-9b05-54128780fd10', 'a136be14-1c75-4ada-b776-c887e2681691', 5),
  ('1cb98c82-bd37-4f0e-8ee2-37a747740d6d', '51be5aa9-832c-4a4b-bf10-12b0cde0890c', 'dd0f3545-9c95-4406-8a25-6e022269be33', 1),
  ('a2c5701e-5bf6-4de2-9b18-e3d55730e366', '51be5aa9-832c-4a4b-bf10-12b0cde0890c', '40e7feac-ed1f-40d1-b5b0-de8efbedc92f', 2),
  ('2de4c10e-d992-4afa-aa09-1431d55f193b', '51be5aa9-832c-4a4b-bf10-12b0cde0890c', '5c78d913-bdb2-4b8a-9415-5155967f412c', 3),
  ('9e7bb09c-1843-4d00-92b3-1ce5a9919f02', '69941398-14b8-4598-97d6-a68967f9a1ac', 'dd0f3545-9c95-4406-8a25-6e022269be33', 1),
  ('a60f2c9e-73c1-4138-8d77-774b8f2a5002', '69941398-14b8-4598-97d6-a68967f9a1ac', '40e7feac-ed1f-40d1-b5b0-de8efbedc92f', 2),
  ('1872794c-e911-457b-aefe-c6e364e849c6', '69941398-14b8-4598-97d6-a68967f9a1ac', '5c78d913-bdb2-4b8a-9415-5155967f412c', 3),
  ('198cdb22-e571-472b-a9d7-306686b4bcfc', 'ad3959d7-980f-4f64-9aca-17da2503a6b8', 'dd0f3545-9c95-4406-8a25-6e022269be33', 1),
  ('459508ea-a5c2-4f53-84d3-3500b2ebef38', 'ad3959d7-980f-4f64-9aca-17da2503a6b8', '40e7feac-ed1f-40d1-b5b0-de8efbedc92f', 2),
  ('05c64cc2-c9b5-4131-b146-8a2361b37702', 'ad3959d7-980f-4f64-9aca-17da2503a6b8', '5c78d913-bdb2-4b8a-9415-5155967f412c', 3),
  ('327532c9-f955-4e91-8c66-9e88f9b3f3e0', '0023e46d-e62b-4a92-b1ce-3c2f0ce4ba79', 'dd0f3545-9c95-4406-8a25-6e022269be33', 1),
  ('9cb47951-6a07-48d5-b381-11d9ae538ea6', '0023e46d-e62b-4a92-b1ce-3c2f0ce4ba79', '40e7feac-ed1f-40d1-b5b0-de8efbedc92f', 2),
  ('22f201b1-ebbd-48c2-a8f5-32fe8d972e96', '0023e46d-e62b-4a92-b1ce-3c2f0ce4ba79', '5c78d913-bdb2-4b8a-9415-5155967f412c', 3),
  ('d821e5ad-6b0f-4955-9378-87cd47a71f98', 'fcec26be-ecc0-499c-bc3b-0938cad5633c', 'dd0f3545-9c95-4406-8a25-6e022269be33', 1),
  ('fd749de7-3988-4694-a594-dec5eac75ca4', 'fcec26be-ecc0-499c-bc3b-0938cad5633c', '40e7feac-ed1f-40d1-b5b0-de8efbedc92f', 2),
  ('e6f97d7d-dcaa-408e-9308-cdd066591a1a', 'fcec26be-ecc0-499c-bc3b-0938cad5633c', '5c78d913-bdb2-4b8a-9415-5155967f412c', 3),
  ('c82e2000-5134-4888-8d4b-4c5e217e838a', 'b59e623d-8973-4c9e-a211-64e4da5221da', 'dd0f3545-9c95-4406-8a25-6e022269be33', 1),
  ('67aaf589-003e-4bce-b453-e66c6170f0d1', 'b59e623d-8973-4c9e-a211-64e4da5221da', '40e7feac-ed1f-40d1-b5b0-de8efbedc92f', 2),
  ('33640565-1d9b-45d9-ad31-74d931d961de', 'b59e623d-8973-4c9e-a211-64e4da5221da', '5c78d913-bdb2-4b8a-9415-5155967f412c', 3),
  ('c46baab7-8b1b-4fb1-a848-aa8c5973d004', '1c4fd8fb-5b6a-4e80-b9a2-b82a7032d612', 'dd0f3545-9c95-4406-8a25-6e022269be33', 1),
  ('c007b97a-ff32-4f03-b434-4705bc158966', '1c4fd8fb-5b6a-4e80-b9a2-b82a7032d612', '40e7feac-ed1f-40d1-b5b0-de8efbedc92f', 2),
  ('6c878750-9098-45c2-82a0-74463842fc04', '1c4fd8fb-5b6a-4e80-b9a2-b82a7032d612', '5c78d913-bdb2-4b8a-9415-5155967f412c', 3),
  ('65c94bec-6eab-42c0-9752-9eb5c45e2f73', 'd49b7a33-65b9-4b4a-a53b-0b475572c0e6', 'dd0f3545-9c95-4406-8a25-6e022269be33', 1),
  ('9bb002e0-d13d-48e9-b501-ecc66c380621', 'd49b7a33-65b9-4b4a-a53b-0b475572c0e6', '40e7feac-ed1f-40d1-b5b0-de8efbedc92f', 2),
  ('1b617152-27ca-4843-8374-c8e4d817f6f4', 'd49b7a33-65b9-4b4a-a53b-0b475572c0e6', '5c78d913-bdb2-4b8a-9415-5155967f412c', 3),
  ('4f73a824-a6cc-489b-9356-d434c24bd40d', '2e5377d1-9872-4e18-b98a-798e638b95e7', 'dd0f3545-9c95-4406-8a25-6e022269be33', 1),
  ('9900fb8d-30fa-4284-acdf-e96b0ca2ebab', '2e5377d1-9872-4e18-b98a-798e638b95e7', '40e7feac-ed1f-40d1-b5b0-de8efbedc92f', 2),
  ('34c1858c-119b-43e9-a65b-3b734713d61a', '2e5377d1-9872-4e18-b98a-798e638b95e7', '5c78d913-bdb2-4b8a-9415-5155967f412c', 3),
  ('5473ee99-37d3-44ab-b9d2-cdf3a40713a4', '941ef099-cdac-4733-99db-23379cd51917', 'dd0f3545-9c95-4406-8a25-6e022269be33', 1),
  ('710941a6-2498-42b1-ae55-02a8dfa2e057', '941ef099-cdac-4733-99db-23379cd51917', '40e7feac-ed1f-40d1-b5b0-de8efbedc92f', 2),
  ('46b2ccef-ee9b-44cf-8711-dc48956710c9', '941ef099-cdac-4733-99db-23379cd51917', '5c78d913-bdb2-4b8a-9415-5155967f412c', 3),
  ('b33a8c99-bf26-4859-8d92-2be164b3f0df', 'f7cb4e13-84a1-40f9-95c0-5282c934a8f8', 'dd0f3545-9c95-4406-8a25-6e022269be33', 1),
  ('eba2d493-161e-4ae9-aaa8-9941290886ea', 'f7cb4e13-84a1-40f9-95c0-5282c934a8f8', '40e7feac-ed1f-40d1-b5b0-de8efbedc92f', 2),
  ('6d7b2f6f-fb8f-4de7-8cc3-2a24ebd6c164', 'f7cb4e13-84a1-40f9-95c0-5282c934a8f8', '5c78d913-bdb2-4b8a-9415-5155967f412c', 3),
  ('086708c4-392f-4da5-81a2-25cb9b3df05c', 'e9a1d21d-547a-476e-9718-dfa164958684', 'dd0f3545-9c95-4406-8a25-6e022269be33', 1),
  ('6fa70ccc-a511-439e-9618-8509cb0c821e', 'e9a1d21d-547a-476e-9718-dfa164958684', '40e7feac-ed1f-40d1-b5b0-de8efbedc92f', 2),
  ('2144ace2-20a4-4ebd-a4cd-f99495b299cb', 'e9a1d21d-547a-476e-9718-dfa164958684', '5c78d913-bdb2-4b8a-9415-5155967f412c', 3),
  ('d856ceb5-9960-4cfe-ba30-51087335ab6e', '579f6f3b-70e3-4a2e-b382-b1a6c76b2c2e', '5c78d913-bdb2-4b8a-9415-5155967f412c', 1),
  ('80f559ab-e30b-4365-8066-b30006491a6c', '579f6f3b-70e3-4a2e-b382-b1a6c76b2c2e', '40e7feac-ed1f-40d1-b5b0-de8efbedc92f', 2),
  ('89e4863f-ae63-414f-97d4-b6ce966e2b83', '579f6f3b-70e3-4a2e-b382-b1a6c76b2c2e', 'dd0f3545-9c95-4406-8a25-6e022269be33', 3),
  ('c1fe8c72-baca-4484-81bf-376026a675a3', '184c40fb-5114-437e-8403-484310484474', '5c78d913-bdb2-4b8a-9415-5155967f412c', 1),
  ('cc4f59d4-cb47-4704-b605-b6a471b288ed', '184c40fb-5114-437e-8403-484310484474', '40e7feac-ed1f-40d1-b5b0-de8efbedc92f', 2),
  ('e21fea34-00fa-4a6b-9df7-ad0392528ca4', '184c40fb-5114-437e-8403-484310484474', 'dd0f3545-9c95-4406-8a25-6e022269be33', 3),
  ('87601950-e58c-4f9d-b9e0-2363e59b8bd0', 'd5910ba8-5120-43b7-9335-e958e885e85e', '5c78d913-bdb2-4b8a-9415-5155967f412c', 1),
  ('93b334fb-357f-4c6c-b8d0-ceb478c2fa82', 'd5910ba8-5120-43b7-9335-e958e885e85e', '40e7feac-ed1f-40d1-b5b0-de8efbedc92f', 2),
  ('92c32fd6-0ae0-46f6-a2d4-37f755d10209', 'd5910ba8-5120-43b7-9335-e958e885e85e', 'dd0f3545-9c95-4406-8a25-6e022269be33', 3),
  ('364d114a-e74a-4c52-90a2-34db0f079314', '04905e13-8f93-496a-9d9f-543e88e8239c', '5c78d913-bdb2-4b8a-9415-5155967f412c', 1),
  ('f6096b54-f018-4d57-ba31-088c8e31428f', '04905e13-8f93-496a-9d9f-543e88e8239c', '40e7feac-ed1f-40d1-b5b0-de8efbedc92f', 2),
  ('e84ca113-9232-4ca3-9989-148453d3d55b', '04905e13-8f93-496a-9d9f-543e88e8239c', 'dd0f3545-9c95-4406-8a25-6e022269be33', 3),
  ('6932528e-2caa-46ae-a532-f89be0320606', '83511fa3-c62b-49b8-889f-7e58bcd951b0', '5c78d913-bdb2-4b8a-9415-5155967f412c', 1),
  ('78d41e16-50f2-4993-84ba-0f1483522208', '83511fa3-c62b-49b8-889f-7e58bcd951b0', '40e7feac-ed1f-40d1-b5b0-de8efbedc92f', 2),
  ('3f149ebf-fcf8-445a-b016-74691ca7461a', '83511fa3-c62b-49b8-889f-7e58bcd951b0', 'dd0f3545-9c95-4406-8a25-6e022269be33', 3),
  ('ac30088d-9dfa-40b7-99e7-0bfce77e3ec7', '2d29a21f-eea6-4b1b-9fbe-9206d7fb0f64', '5c78d913-bdb2-4b8a-9415-5155967f412c', 1),
  ('5c6485fc-5ece-480a-9343-8d36ab65e6bf', '2d29a21f-eea6-4b1b-9fbe-9206d7fb0f64', '40e7feac-ed1f-40d1-b5b0-de8efbedc92f', 2),
  ('191f7ace-fcc4-4b11-9d4d-88b76492bd34', '2d29a21f-eea6-4b1b-9fbe-9206d7fb0f64', 'dd0f3545-9c95-4406-8a25-6e022269be33', 3),
  ('8ad2dcf9-9eda-499b-9dad-3df5e33ad368', 'ebf4c3ca-a7f3-4140-988a-c96dfd803fb1', '5c78d913-bdb2-4b8a-9415-5155967f412c', 1),
  ('7cff60a7-abbe-42b9-bdab-92d54ce230c8', 'ebf4c3ca-a7f3-4140-988a-c96dfd803fb1', '40e7feac-ed1f-40d1-b5b0-de8efbedc92f', 2),
  ('07226d44-c2ae-4887-8984-43a9e88289d4', 'ebf4c3ca-a7f3-4140-988a-c96dfd803fb1', 'dd0f3545-9c95-4406-8a25-6e022269be33', 3),
  ('777c93a2-7b97-4bee-9215-3c5cce46dcbf', 'b3b4749f-e3f6-4bee-896b-ffa558cda7ee', '5c78d913-bdb2-4b8a-9415-5155967f412c', 1),
  ('7c45bfa7-ab4b-480e-bb52-3c9620f8cd9c', 'b3b4749f-e3f6-4bee-896b-ffa558cda7ee', '40e7feac-ed1f-40d1-b5b0-de8efbedc92f', 2),
  ('da2532b6-17f7-4adb-975f-f136396f09de', 'b3b4749f-e3f6-4bee-896b-ffa558cda7ee', 'dd0f3545-9c95-4406-8a25-6e022269be33', 3),
  ('435f922c-ec34-4b31-85c0-1181bf1f9ea1', 'eb9ceee8-c338-44df-9bc6-f30991cff08f', '5c78d913-bdb2-4b8a-9415-5155967f412c', 1),
  ('669342c6-16dc-48bf-8ab1-50d350c17893', 'eb9ceee8-c338-44df-9bc6-f30991cff08f', '40e7feac-ed1f-40d1-b5b0-de8efbedc92f', 2),
  ('8d4d9af8-0b1f-424e-8087-ed7ddd188329', 'eb9ceee8-c338-44df-9bc6-f30991cff08f', 'dd0f3545-9c95-4406-8a25-6e022269be33', 3),
  ('75474408-c8d1-4663-a422-774f265a1aff', '6d356791-cf49-466d-b735-ea38adb36278', '5c78d913-bdb2-4b8a-9415-5155967f412c', 1),
  ('1e83245d-8656-49b5-a34c-6196fdd9c696', '6d356791-cf49-466d-b735-ea38adb36278', '40e7feac-ed1f-40d1-b5b0-de8efbedc92f', 2),
  ('9cdb42db-46ec-4007-bb70-09398c8d44f4', '6d356791-cf49-466d-b735-ea38adb36278', 'dd0f3545-9c95-4406-8a25-6e022269be33', 3),
  ('ce929de6-717c-4d78-992c-3f19f0133ffc', '69011e7e-0ea7-42c6-a9f2-ef8ec6d5f6c6', '5c78d913-bdb2-4b8a-9415-5155967f412c', 1),
  ('7f59547d-3ea1-4669-8a32-8debaf5c01d4', '69011e7e-0ea7-42c6-a9f2-ef8ec6d5f6c6', '40e7feac-ed1f-40d1-b5b0-de8efbedc92f', 2),
  ('4febddfa-5a62-42ce-bbc0-1ba5c4b0f896', '69011e7e-0ea7-42c6-a9f2-ef8ec6d5f6c6', 'dd0f3545-9c95-4406-8a25-6e022269be33', 3),
  ('efddb17c-1538-4149-af9c-96160aca5cce', 'da342de3-efe9-48de-9240-bb41f3b4d239', '5c78d913-bdb2-4b8a-9415-5155967f412c', 1),
  ('e88dfc09-2872-45ea-a88f-925605efd1c5', 'da342de3-efe9-48de-9240-bb41f3b4d239', '40e7feac-ed1f-40d1-b5b0-de8efbedc92f', 2),
  ('813be281-5d44-4666-bbe4-7e2c141d4dbd', 'da342de3-efe9-48de-9240-bb41f3b4d239', 'dd0f3545-9c95-4406-8a25-6e022269be33', 3),
  ('e33daa8e-22b6-4543-83c5-79e5d884de12', '62931657-318c-42f7-a233-e8c4efb11a59', 'a136be14-1c75-4ada-b776-c887e2681691', 1),
  ('69002ea9-01b1-4e7a-97ad-004b002fa5f1', '62931657-318c-42f7-a233-e8c4efb11a59', 'df1b52be-586e-4efc-a7d0-b47b0e5cfec0', 2),
  ('d8922dfa-b424-48a0-bf87-6b848f1341ee', '62931657-318c-42f7-a233-e8c4efb11a59', '4bb5e838-a3d7-4ce2-ac97-deea1d587171', 3),
  ('fe0c0633-fdda-4a28-a2f1-6a18ef394dbb', '62931657-318c-42f7-a233-e8c4efb11a59', '07e43add-288b-4b4d-9d46-b73c523394d2', 4),
  ('9a73fac2-5a11-4c9f-bd50-52ce89815ffc', '62931657-318c-42f7-a233-e8c4efb11a59', 'af6a564a-a153-4f5b-92df-1c784e9058dd', 5),
  ('6631012d-d505-4c96-9bc5-166ed5bf8f5f', 'fa429bf8-c6b4-4390-a2a1-41d0ff362354', 'af6a564a-a153-4f5b-92df-1c784e9058dd', 1),
  ('dee73f71-b0cb-44fa-b06a-45b0af551c40', 'fa429bf8-c6b4-4390-a2a1-41d0ff362354', '07e43add-288b-4b4d-9d46-b73c523394d2', 2),
  ('94329fb8-4421-415d-b103-9b2d4ace41de', 'fa429bf8-c6b4-4390-a2a1-41d0ff362354', '4bb5e838-a3d7-4ce2-ac97-deea1d587171', 3),
  ('edba4400-5873-4f7e-9e4b-f3f81c354fbf', 'fa429bf8-c6b4-4390-a2a1-41d0ff362354', 'df1b52be-586e-4efc-a7d0-b47b0e5cfec0', 4),
  ('ad93eb0d-c1e6-48d3-8b94-89c15674d557', 'fa429bf8-c6b4-4390-a2a1-41d0ff362354', 'a136be14-1c75-4ada-b776-c887e2681691', 5),
  ('9e49cb36-57f9-49f7-8ded-de1f49c79ba6', 'c44230c3-0ac1-40b2-bf0b-ad3260d053a8', 'c2a5926f-7db4-4c57-b20a-97b24c7265df', 1),
  ('0f5dbf1a-06e9-4959-b006-283b16925201', 'c44230c3-0ac1-40b2-bf0b-ad3260d053a8', '34a74c5b-e35e-4d40-90d4-a1a99676a327', 2),
  ('cac3d9e8-ca04-49f3-a7aa-b7535629a488', 'c44230c3-0ac1-40b2-bf0b-ad3260d053a8', 'f0838a9f-6e8d-49ff-b0bd-ad64c5dd64be', 3),
  ('ca20e913-68c6-47c1-a6f6-ec3a41e73aa9', 'c44230c3-0ac1-40b2-bf0b-ad3260d053a8', '400624dd-330e-4056-9269-c3e19018b810', 4),
  ('bf7267ea-89ed-4211-bd99-8527e4a9621d', 'c44230c3-0ac1-40b2-bf0b-ad3260d053a8', '70f28153-89e1-4982-a646-76468808b692', 5),
  ('5c065460-8b63-48d7-98c7-3ce7eeb4d7d3', 'c44230c3-0ac1-40b2-bf0b-ad3260d053a8', 'f7a64bea-9719-4572-a403-8a2c5eb2fe34', 6),
  ('9c060792-6677-488a-9d3e-8c4b555e649e', 'c44230c3-0ac1-40b2-bf0b-ad3260d053a8', 'c2f01c25-c58c-4d29-a64e-5e46a4f34e3f', 7),
  ('a43c4df0-a9ef-498c-bca7-7642d843f0cc', 'c44230c3-0ac1-40b2-bf0b-ad3260d053a8', '2989ea5f-00e4-4c5b-be54-ceaeea116afd', 8),
  ('2446140a-bd66-44d1-9f3d-f5431252096e', 'c44230c3-0ac1-40b2-bf0b-ad3260d053a8', '8992348a-0adb-4b61-8aeb-1ac4c99ea888', 9),
  ('db03cf91-466e-44f7-af0b-3dc55b67c580', 'c44230c3-0ac1-40b2-bf0b-ad3260d053a8', '92742173-e93b-4626-9958-df7cc2ffde8f', 10),
  ('045a4c55-4070-413d-8eaa-03cfc1031b21', 'c44230c3-0ac1-40b2-bf0b-ad3260d053a8', '146159cb-bd81-42f5-8f37-f0887fc1c7d8', 11),
  ('24feb980-6df2-47cf-8649-f5be68a66c1a', 'c44230c3-0ac1-40b2-bf0b-ad3260d053a8', '725bb24c-475a-423b-8da0-ecd5c9bf692f', 12),
  ('d91ce989-dd50-4161-ace0-448b35fe3d91', 'c44230c3-0ac1-40b2-bf0b-ad3260d053a8', '513bd786-9f02-4865-bff8-ffd667ad1155', 13),
  ('8f3b3a69-2829-4f9c-980d-8f13c8b7f6d4', '54528aff-a280-4273-9a7b-f8e774719b07', 'c2a5926f-7db4-4c57-b20a-97b24c7265df', 1),
  ('b7820ac7-cb92-488f-a595-1f67a123edca', '54528aff-a280-4273-9a7b-f8e774719b07', '34a74c5b-e35e-4d40-90d4-a1a99676a327', 2),
  ('cae87ced-4d7f-41a3-a4b8-422a5b4c74c4', '54528aff-a280-4273-9a7b-f8e774719b07', 'f0838a9f-6e8d-49ff-b0bd-ad64c5dd64be', 3),
  ('160d7c16-ead0-4938-9e10-6bda2dcd7609', '54528aff-a280-4273-9a7b-f8e774719b07', '400624dd-330e-4056-9269-c3e19018b810', 4),
  ('63d4f0f2-9b27-4cad-8b3d-f7b318e2d6f6', '54528aff-a280-4273-9a7b-f8e774719b07', '70f28153-89e1-4982-a646-76468808b692', 5),
  ('4aa11926-7d2b-4b06-aad8-477f98fec0d3', '54528aff-a280-4273-9a7b-f8e774719b07', 'f7a64bea-9719-4572-a403-8a2c5eb2fe34', 6),
  ('fa753c75-0d1c-4614-9d06-a8862c2265d2', '54528aff-a280-4273-9a7b-f8e774719b07', 'c2f01c25-c58c-4d29-a64e-5e46a4f34e3f', 7),
  ('ddb95985-7834-4931-8bef-19406c656a1d', '54528aff-a280-4273-9a7b-f8e774719b07', '2989ea5f-00e4-4c5b-be54-ceaeea116afd', 8),
  ('624f207f-7e8c-4c83-971d-ce25f4db4b44', '54528aff-a280-4273-9a7b-f8e774719b07', '8992348a-0adb-4b61-8aeb-1ac4c99ea888', 9),
  ('83c00b85-d085-42ad-8e36-65c821fb80d7', '54528aff-a280-4273-9a7b-f8e774719b07', '92742173-e93b-4626-9958-df7cc2ffde8f', 10),
  ('e545eb39-c4fa-4560-83fd-3354e5b1cf6a', '54528aff-a280-4273-9a7b-f8e774719b07', '146159cb-bd81-42f5-8f37-f0887fc1c7d8', 11),
  ('be7f6e15-d32e-449d-9f5c-5b7a54391a33', '54528aff-a280-4273-9a7b-f8e774719b07', '725bb24c-475a-423b-8da0-ecd5c9bf692f', 12),
  ('627292dc-e03d-4bca-9fb7-caa98ac956f0', '54528aff-a280-4273-9a7b-f8e774719b07', '513bd786-9f02-4865-bff8-ffd667ad1155', 13),
  ('bdbced83-c7ca-491a-917a-1da46949934b', '34bc7250-fc4c-4e67-b734-b8165f0597eb', '513bd786-9f02-4865-bff8-ffd667ad1155', 1),
  ('0095c65c-8885-4973-8d4a-583bfd39f301', '34bc7250-fc4c-4e67-b734-b8165f0597eb', '725bb24c-475a-423b-8da0-ecd5c9bf692f', 2),
  ('52ddf145-db1f-45d7-97c2-640638d11fb5', '34bc7250-fc4c-4e67-b734-b8165f0597eb', '146159cb-bd81-42f5-8f37-f0887fc1c7d8', 3),
  ('eb72e6ef-0197-4421-8645-b16dcd019d40', '34bc7250-fc4c-4e67-b734-b8165f0597eb', '8fd26e5d-8af1-4fab-b967-43954d6807b4', 4),
  ('8589c875-0a41-448b-82c1-1272160d632f', '34bc7250-fc4c-4e67-b734-b8165f0597eb', '8992348a-0adb-4b61-8aeb-1ac4c99ea888', 5),
  ('2004bd18-5a8f-4f70-b2d5-ed9ee8214d32', '34bc7250-fc4c-4e67-b734-b8165f0597eb', '2989ea5f-00e4-4c5b-be54-ceaeea116afd', 6),
  ('4e655d02-ba66-4914-baf6-3a930451ddbb', '34bc7250-fc4c-4e67-b734-b8165f0597eb', '8c9061a9-4067-4c32-9448-059b5275fd3f', 7),
  ('38de92d7-169f-4afd-b643-1449df87b161', '34bc7250-fc4c-4e67-b734-b8165f0597eb', '6b15f878-ee25-46f1-aa79-9aeb82a18994', 8),
  ('38908a42-e3fd-49bb-aaeb-d5457f8326dc', '34bc7250-fc4c-4e67-b734-b8165f0597eb', '70f28153-89e1-4982-a646-76468808b692', 9),
  ('fe90f385-c9d1-4b33-bbc6-788ae42097cf', '34bc7250-fc4c-4e67-b734-b8165f0597eb', '400624dd-330e-4056-9269-c3e19018b810', 10),
  ('c7fae8f1-f6d8-47e9-a127-ca8325a94c1f', '34bc7250-fc4c-4e67-b734-b8165f0597eb', 'f0838a9f-6e8d-49ff-b0bd-ad64c5dd64be', 11),
  ('72edd66a-8d4c-4f42-992a-46cf13d86150', '34bc7250-fc4c-4e67-b734-b8165f0597eb', '34a74c5b-e35e-4d40-90d4-a1a99676a327', 12),
  ('40898d8d-4cc5-4e9d-a572-e14fe0f95993', '34bc7250-fc4c-4e67-b734-b8165f0597eb', 'c2a5926f-7db4-4c57-b20a-97b24c7265df', 13),
  ('ddeeb516-18c8-4f27-bc9b-5cdcb9a2b722', '3da77713-23e7-4a52-9403-0107a39861d0', '513bd786-9f02-4865-bff8-ffd667ad1155', 1),
  ('efb2a744-deae-4cdd-a4d6-9563a5806d64', '3da77713-23e7-4a52-9403-0107a39861d0', '725bb24c-475a-423b-8da0-ecd5c9bf692f', 2),
  ('5894d70f-ce1f-4dd6-9288-668ec8713132', '3da77713-23e7-4a52-9403-0107a39861d0', '146159cb-bd81-42f5-8f37-f0887fc1c7d8', 3),
  ('9ca740a7-8bc5-454a-9499-f6488b769600', '3da77713-23e7-4a52-9403-0107a39861d0', '8fd26e5d-8af1-4fab-b967-43954d6807b4', 4),
  ('2b9d2bb0-853f-424d-8858-1fa80b76ea95', '3da77713-23e7-4a52-9403-0107a39861d0', '8992348a-0adb-4b61-8aeb-1ac4c99ea888', 5),
  ('658c7def-3e1e-4e91-bc11-23641f1b9f48', '3da77713-23e7-4a52-9403-0107a39861d0', '2989ea5f-00e4-4c5b-be54-ceaeea116afd', 6),
  ('5232b4d1-8ec5-4b5f-a290-cf07ab54ac15', '3da77713-23e7-4a52-9403-0107a39861d0', '8c9061a9-4067-4c32-9448-059b5275fd3f', 7),
  ('bd0d3403-cda4-4da1-9c0c-bd0121136a45', '3da77713-23e7-4a52-9403-0107a39861d0', '6b15f878-ee25-46f1-aa79-9aeb82a18994', 8),
  ('21380532-fe71-4b5e-90a6-e5dba38caee9', '3da77713-23e7-4a52-9403-0107a39861d0', '70f28153-89e1-4982-a646-76468808b692', 9),
  ('4d475488-89de-48bf-8415-6790ac8fd234', '3da77713-23e7-4a52-9403-0107a39861d0', '400624dd-330e-4056-9269-c3e19018b810', 10),
  ('3f407be4-3509-4aff-94eb-1eb7446cca9d', '3da77713-23e7-4a52-9403-0107a39861d0', 'f0838a9f-6e8d-49ff-b0bd-ad64c5dd64be', 11),
  ('b4410d34-71a3-4179-8222-e42a32fcacb0', '3da77713-23e7-4a52-9403-0107a39861d0', '34a74c5b-e35e-4d40-90d4-a1a99676a327', 12),
  ('ebe9c347-4cce-4503-8733-919d818108fa', '3da77713-23e7-4a52-9403-0107a39861d0', 'c2a5926f-7db4-4c57-b20a-97b24c7265df', 13),
  ('92001784-bc9e-4382-b7d2-596847f97317', '72223b98-ffe2-42cd-be30-e10ccec29bd9', '513bd786-9f02-4865-bff8-ffd667ad1155', 1),
  ('dfd27dcf-4694-4d57-996a-a6d1320f8465', '72223b98-ffe2-42cd-be30-e10ccec29bd9', '725bb24c-475a-423b-8da0-ecd5c9bf692f', 2),
  ('e57b81f4-bc76-47ed-b48c-1e0f8642f0ad', '72223b98-ffe2-42cd-be30-e10ccec29bd9', '146159cb-bd81-42f5-8f37-f0887fc1c7d8', 3),
  ('da8e23d0-33bc-4c1d-ba31-63ac4c40d856', '72223b98-ffe2-42cd-be30-e10ccec29bd9', '8fd26e5d-8af1-4fab-b967-43954d6807b4', 4),
  ('56dc50fb-dae3-4dfb-8863-8cc725b042db', '72223b98-ffe2-42cd-be30-e10ccec29bd9', '8992348a-0adb-4b61-8aeb-1ac4c99ea888', 5),
  ('0320ceee-fe81-49dd-b1b5-d9b82c9e9d01', '72223b98-ffe2-42cd-be30-e10ccec29bd9', '2989ea5f-00e4-4c5b-be54-ceaeea116afd', 6),
  ('540116c3-b4ba-4f84-872d-dfe1872ffde1', '72223b98-ffe2-42cd-be30-e10ccec29bd9', '8c9061a9-4067-4c32-9448-059b5275fd3f', 7),
  ('b5033055-1e50-43d1-842c-03ff971d1cbf', '72223b98-ffe2-42cd-be30-e10ccec29bd9', '6b15f878-ee25-46f1-aa79-9aeb82a18994', 8),
  ('1552b143-59e3-42ec-90cc-d80da72ba8b2', '72223b98-ffe2-42cd-be30-e10ccec29bd9', '70f28153-89e1-4982-a646-76468808b692', 9),
  ('c9d9ecd4-1345-428d-88a2-d561e7501994', '72223b98-ffe2-42cd-be30-e10ccec29bd9', '400624dd-330e-4056-9269-c3e19018b810', 10),
  ('196899da-bed5-4580-9241-df4c29823fd7', '72223b98-ffe2-42cd-be30-e10ccec29bd9', 'f0838a9f-6e8d-49ff-b0bd-ad64c5dd64be', 11),
  ('ef30c1bc-c15f-4515-8f4f-f5b1df3f9ba8', '72223b98-ffe2-42cd-be30-e10ccec29bd9', '34a74c5b-e35e-4d40-90d4-a1a99676a327', 12),
  ('088bf2b2-f324-48f7-a200-8c4a19838c83', '72223b98-ffe2-42cd-be30-e10ccec29bd9', 'c2a5926f-7db4-4c57-b20a-97b24c7265df', 13),
  ('4701e75f-b447-4a72-bfe2-904134a85364', '36e3c966-c09c-431c-b1b1-ab5f984474cc', 'dd0f3545-9c95-4406-8a25-6e022269be33', 1),
  ('8d1b6146-5ead-43ca-be13-e8cd65c99f4b', '36e3c966-c09c-431c-b1b1-ab5f984474cc', 'f0838a9f-6e8d-49ff-b0bd-ad64c5dd64be', 2),
  ('3ca89910-8e97-4d90-bc82-eb73b10cff20', '36e3c966-c09c-431c-b1b1-ab5f984474cc', '1566000e-bff8-4f3e-94b7-4962702c160c', 3),
  ('ee9d348a-b1b9-47b5-b1ed-d7614dbd1c09', '36e3c966-c09c-431c-b1b1-ab5f984474cc', 'f75d695e-173c-4ff3-afd9-f817c7bf4158', 4),
  ('c80e4651-6d92-4889-8d40-80aebd9896ec', '36e3c966-c09c-431c-b1b1-ab5f984474cc', '489abc00-f273-48a7-8178-f501a38dc009', 5),
  ('e8d9e85e-48a8-4ed4-a7f4-62236270bf0c', '36e3c966-c09c-431c-b1b1-ab5f984474cc', 'f6bae125-cd6e-459b-bc4e-83658d4eabe5', 6),
  ('aae5b045-e58f-410e-9c8e-12c72ace2e3e', '36e3c966-c09c-431c-b1b1-ab5f984474cc', '90170aac-02c5-4d8b-a905-9aae806a0b36', 7),
  ('81b9b8cd-583e-4816-9fe4-c60bf7b81893', '36e3c966-c09c-431c-b1b1-ab5f984474cc', '3eb36fa4-6c36-4d79-b441-021ca36c9068', 8),
  ('f33017a6-6c20-427c-bfa3-2cb1dba78bf5', '36e3c966-c09c-431c-b1b1-ab5f984474cc', '0514c24a-d8c2-4317-ae18-03326f94759d', 9),
  ('9e29b866-9d8b-415d-a7d7-927c375e2628', '36e3c966-c09c-431c-b1b1-ab5f984474cc', '455b28a8-d67d-490a-89b1-7ef5ead7167a', 10),
  ('d6f253e8-5af9-49db-95a3-e220062ae0c0', '36e3c966-c09c-431c-b1b1-ab5f984474cc', 'a136be14-1c75-4ada-b776-c887e2681691', 11),
  ('b531f0cf-2ccf-46ed-bfa2-d5a7de6ae9ac', 'e2935fb7-6c3f-40d9-ad4e-1107a9ec8bfc', 'a136be14-1c75-4ada-b776-c887e2681691', 1),
  ('7a2c081b-40a6-4b71-958b-e822447275a1', 'e2935fb7-6c3f-40d9-ad4e-1107a9ec8bfc', '455b28a8-d67d-490a-89b1-7ef5ead7167a', 2),
  ('47e48316-1327-44a0-9290-8465020e2eed', 'e2935fb7-6c3f-40d9-ad4e-1107a9ec8bfc', '0514c24a-d8c2-4317-ae18-03326f94759d', 3),
  ('53dcb23a-0cd6-4a67-bc95-cadfedc05f53', 'e2935fb7-6c3f-40d9-ad4e-1107a9ec8bfc', '3eb36fa4-6c36-4d79-b441-021ca36c9068', 4),
  ('4d3d3ce7-2c34-40d7-8628-119fe7533b61', 'e2935fb7-6c3f-40d9-ad4e-1107a9ec8bfc', '90170aac-02c5-4d8b-a905-9aae806a0b36', 5),
  ('d69ea2ba-a21d-4062-b821-278fb316b93e', 'e2935fb7-6c3f-40d9-ad4e-1107a9ec8bfc', 'f6bae125-cd6e-459b-bc4e-83658d4eabe5', 6),
  ('d5b3a94a-500e-49a5-98c2-842525e131ca', 'e2935fb7-6c3f-40d9-ad4e-1107a9ec8bfc', '489abc00-f273-48a7-8178-f501a38dc009', 7),
  ('f39c081f-b3f2-4fb7-8255-deef5aee3aed', 'e2935fb7-6c3f-40d9-ad4e-1107a9ec8bfc', 'f75d695e-173c-4ff3-afd9-f817c7bf4158', 8),
  ('bf7a7792-7649-4a7c-af44-36be7f831e09', 'e2935fb7-6c3f-40d9-ad4e-1107a9ec8bfc', '1566000e-bff8-4f3e-94b7-4962702c160c', 9),
  ('879edbf4-4f9a-4c80-81d7-f754923cd326', 'e2935fb7-6c3f-40d9-ad4e-1107a9ec8bfc', 'f0838a9f-6e8d-49ff-b0bd-ad64c5dd64be', 10),
  ('13e92203-a1d9-4978-a7e3-5ca239a3153c', 'e2935fb7-6c3f-40d9-ad4e-1107a9ec8bfc', 'dd0f3545-9c95-4406-8a25-6e022269be33', 11),
  ('9c110a07-521d-419e-a5eb-e84bd55fb2a4', 'f6dda5a6-04f9-4d1e-b247-58402b88527a', 'c2a5926f-7db4-4c57-b20a-97b24c7265df', 1),
  ('31f2cbf2-d127-4cc8-b77c-136ed1f4bc1d', 'f6dda5a6-04f9-4d1e-b247-58402b88527a', 'f0838a9f-6e8d-49ff-b0bd-ad64c5dd64be', 2),
  ('fbdbf6a1-a6e7-414f-99cc-96130763a521', 'f6dda5a6-04f9-4d1e-b247-58402b88527a', '70f28153-89e1-4982-a646-76468808b692', 3),
  ('313d49ab-617c-45af-bc86-b6b5faf072cc', 'f6dda5a6-04f9-4d1e-b247-58402b88527a', '400624dd-330e-4056-9269-c3e19018b810', 4),
  ('faaad319-d4db-442e-b5a4-438a1df68bf5', 'f6dda5a6-04f9-4d1e-b247-58402b88527a', '5ece8e71-5ddc-415c-a268-71d3c8be086c', 5),
  ('58a93205-bd96-4218-acbe-11c2eeaecf03', 'f6dda5a6-04f9-4d1e-b247-58402b88527a', 'c7d5e053-46fc-45c8-ac2a-7456725609f0', 6),
  ('1bb5c48f-445c-4c3e-8834-66d7fafafecd', 'f6dda5a6-04f9-4d1e-b247-58402b88527a', '189a31ed-9747-4eab-86b7-9cdeb3bde19e', 7),
  ('6b598942-b01b-4aaf-8f19-5b796fd59437', 'f6dda5a6-04f9-4d1e-b247-58402b88527a', '5bc7d7a0-514d-4457-9992-d9e0db3380e4', 8),
  ('1f61f55e-3e4a-43e3-aea7-b26f0282725b', 'f6dda5a6-04f9-4d1e-b247-58402b88527a', '1201aacf-6a7c-4a7b-aecd-0091a42c5447', 9),
  ('45faece9-b974-43e9-b06d-1188dfea3cc9', 'f6dda5a6-04f9-4d1e-b247-58402b88527a', '913621a1-c712-49e7-a412-174e5547f908', 10),
  ('87093256-5e2c-48a5-8386-49d6b492b6ed', 'f6dda5a6-04f9-4d1e-b247-58402b88527a', '8f2e7036-a9b3-466d-9cbc-d5d25b8b7b97', 11),
  ('3929f5d1-ddb5-4627-8ac1-7be9d11989ca', 'f6dda5a6-04f9-4d1e-b247-58402b88527a', '1a81d37c-075f-4dfa-a648-4d71ff4cc1ae', 12),
  ('440737e1-4759-4ecb-825b-a6b92d2d6909', 'f6dda5a6-04f9-4d1e-b247-58402b88527a', 'd348d64b-5085-4c84-b7a5-44b5f5da3532', 13),
  ('8164e8b6-b2d9-4d32-b299-aea9372fa32a', '0e9010d6-4aa2-4caf-93d8-326909d0157e', 'c2a5926f-7db4-4c57-b20a-97b24c7265df', 1),
  ('3778e994-7b9b-4738-b825-8ec382790569', '0e9010d6-4aa2-4caf-93d8-326909d0157e', 'f0838a9f-6e8d-49ff-b0bd-ad64c5dd64be', 2),
  ('1454eb7c-0c7c-43ce-b09d-02dc699edcae', '0e9010d6-4aa2-4caf-93d8-326909d0157e', '70f28153-89e1-4982-a646-76468808b692', 3),
  ('9d6fee33-1124-4080-917c-b1a209051a72', '0e9010d6-4aa2-4caf-93d8-326909d0157e', '400624dd-330e-4056-9269-c3e19018b810', 4),
  ('ac7c68a6-cc96-4ff4-85af-fb296d2be2cb', '0e9010d6-4aa2-4caf-93d8-326909d0157e', '5ece8e71-5ddc-415c-a268-71d3c8be086c', 5),
  ('a957e7cb-d627-4909-983d-80199aba4123', '0e9010d6-4aa2-4caf-93d8-326909d0157e', 'c7d5e053-46fc-45c8-ac2a-7456725609f0', 6),
  ('476af1ba-c0aa-4d11-96d4-f644910c9523', '0e9010d6-4aa2-4caf-93d8-326909d0157e', '189a31ed-9747-4eab-86b7-9cdeb3bde19e', 7),
  ('bb2444c4-589f-4bcc-9f8e-75dc94f72b1b', '0e9010d6-4aa2-4caf-93d8-326909d0157e', '5bc7d7a0-514d-4457-9992-d9e0db3380e4', 8),
  ('7c1c204b-edde-4b10-8091-2be95c6abbb7', '0e9010d6-4aa2-4caf-93d8-326909d0157e', '1201aacf-6a7c-4a7b-aecd-0091a42c5447', 9),
  ('75c994b1-17e4-455d-908f-1910afd10b7d', '0e9010d6-4aa2-4caf-93d8-326909d0157e', '913621a1-c712-49e7-a412-174e5547f908', 10),
  ('a781e107-ec70-47f3-ba59-bdaec6d62ef0', '0e9010d6-4aa2-4caf-93d8-326909d0157e', '8f2e7036-a9b3-466d-9cbc-d5d25b8b7b97', 11),
  ('d7123563-7fd6-4509-8fd2-80d21c950060', '0e9010d6-4aa2-4caf-93d8-326909d0157e', '1a81d37c-075f-4dfa-a648-4d71ff4cc1ae', 12),
  ('7877a144-d6fd-452d-99f8-a61983255816', '0e9010d6-4aa2-4caf-93d8-326909d0157e', 'd348d64b-5085-4c84-b7a5-44b5f5da3532', 13),
  ('2f51db5c-1811-4595-9c76-2b9db7df3dab', '1a362d71-b2b5-40f4-a27f-c3f280058dfe', 'd348d64b-5085-4c84-b7a5-44b5f5da3532', 1),
  ('041bf431-ec94-4246-a48f-07c2b6f244f5', '1a362d71-b2b5-40f4-a27f-c3f280058dfe', '1a81d37c-075f-4dfa-a648-4d71ff4cc1ae', 2),
  ('c67103ce-048a-4289-86bb-1596a376cf9f', '1a362d71-b2b5-40f4-a27f-c3f280058dfe', '8f2e7036-a9b3-466d-9cbc-d5d25b8b7b97', 3),
  ('54b73fd2-f2f6-4ef0-be78-1fe1967f1538', '1a362d71-b2b5-40f4-a27f-c3f280058dfe', '913621a1-c712-49e7-a412-174e5547f908', 4),
  ('8392de5a-29fe-4e91-b41c-b507bdd7d7a0', '1a362d71-b2b5-40f4-a27f-c3f280058dfe', '1201aacf-6a7c-4a7b-aecd-0091a42c5447', 5),
  ('87801f0a-1f9f-418a-a75f-4e2361b3d706', '1a362d71-b2b5-40f4-a27f-c3f280058dfe', 'cbb1104c-3fd0-4248-8640-8126b605f3d8', 6),
  ('4ab9b563-f797-4395-870b-6c10bb41894c', '1a362d71-b2b5-40f4-a27f-c3f280058dfe', '189a31ed-9747-4eab-86b7-9cdeb3bde19e', 7),
  ('861cf6d8-f23b-45e0-9346-510bd08b8a01', '1a362d71-b2b5-40f4-a27f-c3f280058dfe', 'c7d5e053-46fc-45c8-ac2a-7456725609f0', 8),
  ('54c8d2a1-88ba-431c-a2d9-2516e0fd7193', '1a362d71-b2b5-40f4-a27f-c3f280058dfe', '5ece8e71-5ddc-415c-a268-71d3c8be086c', 9),
  ('a3cd7d53-a22d-4d12-9f8a-95d9703481df', '1a362d71-b2b5-40f4-a27f-c3f280058dfe', '70f28153-89e1-4982-a646-76468808b692', 10),
  ('74483584-dd35-4ee7-b598-bbba934a0506', '1a362d71-b2b5-40f4-a27f-c3f280058dfe', '400624dd-330e-4056-9269-c3e19018b810', 11),
  ('90ee334a-4b59-4802-baae-ad5c50dbce8a', '1a362d71-b2b5-40f4-a27f-c3f280058dfe', 'f0838a9f-6e8d-49ff-b0bd-ad64c5dd64be', 12),
  ('f56d656d-43e4-4604-84f7-d70076b84385', '1a362d71-b2b5-40f4-a27f-c3f280058dfe', 'c2a5926f-7db4-4c57-b20a-97b24c7265df', 13),
  ('d13c902d-41b9-4fe8-89a8-bbd16977ac0b', '36b93895-0bd4-4d84-b556-4a9fb9d2fc6b', 'd348d64b-5085-4c84-b7a5-44b5f5da3532', 1),
  ('065d8302-fc76-4229-a138-a2b6742caa05', '36b93895-0bd4-4d84-b556-4a9fb9d2fc6b', '1a81d37c-075f-4dfa-a648-4d71ff4cc1ae', 2),
  ('eac9904f-3c82-4ec1-b1ec-85ad045d93b7', '36b93895-0bd4-4d84-b556-4a9fb9d2fc6b', '8f2e7036-a9b3-466d-9cbc-d5d25b8b7b97', 3),
  ('b947d693-f768-4662-8d4d-388a983bbb07', '36b93895-0bd4-4d84-b556-4a9fb9d2fc6b', '913621a1-c712-49e7-a412-174e5547f908', 4),
  ('74ac1995-7aa0-4d79-97c6-173144b7d303', '36b93895-0bd4-4d84-b556-4a9fb9d2fc6b', '1201aacf-6a7c-4a7b-aecd-0091a42c5447', 5),
  ('6d95f595-2af3-4267-875e-359d9722a727', '36b93895-0bd4-4d84-b556-4a9fb9d2fc6b', 'cbb1104c-3fd0-4248-8640-8126b605f3d8', 6),
  ('da9f57f5-29af-43fc-8596-408fafc20abb', '36b93895-0bd4-4d84-b556-4a9fb9d2fc6b', '189a31ed-9747-4eab-86b7-9cdeb3bde19e', 7),
  ('1fcf0b1d-9cc1-4b3e-9e60-c5c0fde2474a', '36b93895-0bd4-4d84-b556-4a9fb9d2fc6b', 'c7d5e053-46fc-45c8-ac2a-7456725609f0', 8),
  ('63611185-ad96-423e-a705-21379d38f0e5', '36b93895-0bd4-4d84-b556-4a9fb9d2fc6b', '5ece8e71-5ddc-415c-a268-71d3c8be086c', 9),
  ('6b65ad11-9521-49ac-92e7-e10f677a8d3e', '36b93895-0bd4-4d84-b556-4a9fb9d2fc6b', '70f28153-89e1-4982-a646-76468808b692', 10),
  ('543015da-02b2-4b2a-809f-86ad679fc9d0', '36b93895-0bd4-4d84-b556-4a9fb9d2fc6b', '400624dd-330e-4056-9269-c3e19018b810', 11),
  ('7c24c8cd-da08-48d3-b6e0-1acdb847bffe', '36b93895-0bd4-4d84-b556-4a9fb9d2fc6b', 'f0838a9f-6e8d-49ff-b0bd-ad64c5dd64be', 12),
  ('a82e56cf-0604-4662-9999-afb283fe0a66', '36b93895-0bd4-4d84-b556-4a9fb9d2fc6b', 'c2a5926f-7db4-4c57-b20a-97b24c7265df', 13),
  ('2493e8bd-8d1a-4022-8431-5bcc8d5ed7df', '016f6ef9-ea4c-4ab5-9552-5433756dd6f2', '144f5666-421b-4999-a953-bbefd08a630e', 1),
  ('c3efc234-bade-4cc1-8dd2-6d15b00de2ec', '016f6ef9-ea4c-4ab5-9552-5433756dd6f2', 'f8123056-335a-4cb9-b0e0-90d52c19ce65', 2),
  ('dda3b726-b6fc-4c74-b5a7-daed5f1f0568', '016f6ef9-ea4c-4ab5-9552-5433756dd6f2', 'b7ebe48f-b035-4f82-b30d-5b757d233563', 3),
  ('5124029b-96bc-450e-bfda-38d0c67106ab', '016f6ef9-ea4c-4ab5-9552-5433756dd6f2', 'cd530fcb-a14e-467f-83fb-2f0f1fabf193', 4),
  ('099e77dc-c2bb-42b3-b8c9-19728aa4c823', '016f6ef9-ea4c-4ab5-9552-5433756dd6f2', '293747e1-6cb3-49e6-8548-e7cd8c55f63b', 5),
  ('f5de9b8c-792f-4527-8b8d-340e045e270e', '016f6ef9-ea4c-4ab5-9552-5433756dd6f2', '85ee2890-073c-42aa-aee7-95bbecd860dc', 6),
  ('8757223a-03e2-4222-9c92-b44f26db218d', '016f6ef9-ea4c-4ab5-9552-5433756dd6f2', '5de60c83-7ca4-4cf8-bf57-d0b09422ef2e', 7),
  ('c6c7c4a9-5c13-4388-9a68-12e5273f83f3', '016f6ef9-ea4c-4ab5-9552-5433756dd6f2', 'bf95c992-88ee-48f5-8a56-bc19f4bfc273', 8),
  ('e8334385-5266-4f29-b143-7b0865cb094a', '016f6ef9-ea4c-4ab5-9552-5433756dd6f2', '92742173-e93b-4626-9958-df7cc2ffde8f', 9),
  ('cd51723b-5921-4353-8e94-1f268b1d7680', '016f6ef9-ea4c-4ab5-9552-5433756dd6f2', '146159cb-bd81-42f5-8f37-f0887fc1c7d8', 10),
  ('388ae880-a94f-4b2b-ab85-57a64984fd89', '6d7596c3-3452-4f4e-bf8f-8f44db31fc4b', '146159cb-bd81-42f5-8f37-f0887fc1c7d8', 1),
  ('80b82f32-a691-4032-b244-a9323463c493', '6d7596c3-3452-4f4e-bf8f-8f44db31fc4b', '8fd26e5d-8af1-4fab-b967-43954d6807b4', 2),
  ('2d658c32-e5dd-4ea1-b26a-58552cc021d1', '6d7596c3-3452-4f4e-bf8f-8f44db31fc4b', '2c795f24-cddd-43fe-ae6c-e860b14542a4', 3),
  ('4a7dea34-547e-4646-a405-1ed1b204f62d', '6d7596c3-3452-4f4e-bf8f-8f44db31fc4b', '5de60c83-7ca4-4cf8-bf57-d0b09422ef2e', 4),
  ('5ea0e48f-d9f9-41b4-9879-a7d260e4eaff', '6d7596c3-3452-4f4e-bf8f-8f44db31fc4b', '85ee2890-073c-42aa-aee7-95bbecd860dc', 5),
  ('e46d1954-84a4-4e28-93bd-e3b1382872be', '6d7596c3-3452-4f4e-bf8f-8f44db31fc4b', 'c651f256-949d-4aee-9e2b-8829b80f8ac1', 6),
  ('fad65596-bc25-4273-ad83-ad1e3db12cd3', '6d7596c3-3452-4f4e-bf8f-8f44db31fc4b', 'cd530fcb-a14e-467f-83fb-2f0f1fabf193', 7),
  ('8e1e6e20-391b-4acc-bad3-4b18b01c2536', '6d7596c3-3452-4f4e-bf8f-8f44db31fc4b', 'b7ebe48f-b035-4f82-b30d-5b757d233563', 8),
  ('101f9ea9-be80-48a7-a62e-382074715913', '6d7596c3-3452-4f4e-bf8f-8f44db31fc4b', 'f8123056-335a-4cb9-b0e0-90d52c19ce65', 9),
  ('0d1f7870-fe88-4b9e-be9a-39429d4f5573', '6d7596c3-3452-4f4e-bf8f-8f44db31fc4b', '144f5666-421b-4999-a953-bbefd08a630e', 10),
  ('fb47eaf9-6d18-4ce9-af84-67175495120a', '514aa050-a8f2-4578-bd3e-5c5e7ffdca0d', '83389975-bcd5-44d0-932c-17ad7009e0f7', 1),
  ('18cbbaa6-1ae5-4962-b597-9175b005e166', '514aa050-a8f2-4578-bd3e-5c5e7ffdca0d', 'a136be14-1c75-4ada-b776-c887e2681691', 2),
  ('986f5b00-6424-4e31-952a-ef024e969776', '514aa050-a8f2-4578-bd3e-5c5e7ffdca0d', 'ab77af13-e4eb-4a4c-8641-9ef93dcd1620', 3),
  ('2e9efc9c-d03d-4086-8e55-39a1573a379e', '514aa050-a8f2-4578-bd3e-5c5e7ffdca0d', 'b667e24d-57c1-446d-a846-713a551fe1ed', 4),
  ('1dc14896-7650-439d-be9a-e29fd502b924', '48742960-6d12-4d75-8ac8-22d6f2e23e62', 'b667e24d-57c1-446d-a846-713a551fe1ed', 1),
  ('ea8a5202-bdc8-4e93-bacb-2f2e7f585e0b', '48742960-6d12-4d75-8ac8-22d6f2e23e62', 'ab77af13-e4eb-4a4c-8641-9ef93dcd1620', 2),
  ('3149cea1-b509-4044-b331-ad18d1416deb', '48742960-6d12-4d75-8ac8-22d6f2e23e62', 'a136be14-1c75-4ada-b776-c887e2681691', 3),
  ('e74bec62-46b0-4a09-98dc-66fa448c63fe', '48742960-6d12-4d75-8ac8-22d6f2e23e62', '83389975-bcd5-44d0-932c-17ad7009e0f7', 4);
